name,country,calories,fat,carbs,protein,avg_rating,prep_time,cook_time,total_time,servings,pct_fat,pct_carbs,pct_protein
Saganaki (Flaming Greek Cheese),Greek,391.0,25.0,15.0,16.0,4.8,10,5,15,2.0,0.5754475703324808,0.1534526854219949,0.1636828644501279
Coney Island Knishes,Jewish,301.0,17.0,31.0,7.0,4.6,30,75,180,16.0,0.5083056478405316,0.4119601328903654,0.09302325581395349
Diana's Hawaiian Bread Rolls,Australian and New Zealander,64.0,3.0,9.0,1.0,4.3,20,15,180,12.0,0.421875,0.5625,0.0625
Chilean Pebre,Chilean,106.0,9.0,7.0,1.0,5.0,10,0,10,6.0,0.7641509433962265,0.2641509433962264,0.03773584905660377
Tex-Mex Sheet Cake,Tex-Mex,449.0,23.0,58.0,7.0,3.8,30,15,45,15.0,0.4610244988864143,0.5167037861915368,0.062360801781737196
Lemon Poppy Seed Amish Friendship Bread,Amish and Mennonite,157.0,6.0,25.0,2.0,4.6,0,0,0,24.0,0.34394904458598724,0.6369426751592356,0.050955414012738856
Pan con Tomate (Spanish Tomato Bread),Spanish,322.0,16.0,39.0,7.0,5.0,5,5,10,1.0,0.4472049689440994,0.484472049689441,0.08695652173913043
"Lomo de Res, Cuban-Style Rib-Eye Steaks",Cuban,389.0,21.0,16.0,28.0,4.4,10,10,50,4.0,0.48586118251928023,0.16452442159383032,0.2879177377892031
Peruvian Chicha Morada Drink,Peruvian,253.0,2.0,63.0,6.0,4.7,10,50,300,10.0,0.07114624505928854,0.9960474308300395,0.09486166007905138
Moo Shu Pork,Chinese,355.0,8.0,53.0,17.0,4.6,15,15,60,8.0,0.2028169014084507,0.5971830985915493,0.19154929577464788
Filipino Lumpia,Filipino,550.0,31.0,43.0,25.0,4.3,60,10,70,6.0,0.5072727272727273,0.31272727272727274,0.18181818181818182
Eggnog Bread Pudding with Coquito Sauce,Puerto Rican,389.0,19.0,49.0,7.0,5.0,10,45,55,10.0,0.43958868894601544,0.5038560411311054,0.07197943444730077
Chicken with Black Beans,Malaysian,231.0,7.0,13.0,29.0,4.3,25,20,55,6.0,0.2727272727272727,0.22510822510822512,0.5021645021645021
Creole Okra,Soul Food,133.0,7.0,14.0,4.0,4.5,10,30,40,4.0,0.47368421052631576,0.42105263157894735,0.12030075187969924
Victor's Non-Dairy Hawaiian Coconut Mochi Cake,Australian and New Zealander,518.0,18.0,86.0,6.0,5.0,10,60,70,12.0,0.3127413127413127,0.6640926640926641,0.04633204633204633
Bistec Encebollado (Cuban Steak and Onions),Cuban,383.0,20.0,13.0,36.0,5.0,10,25,95,4.0,0.4699738903394256,0.13577023498694518,0.37597911227154046
Swedish Hard Tack,Scandinavian,196.0,8.0,27.0,4.0,3.5,30,30,60,12.0,0.3673469387755102,0.5510204081632653,0.08163265306122448
Portuguese Steamed Clams,Portuguese,697.0,53.0,9.0,30.0,4.6,30,20,50,6.0,0.6843615494978479,0.05164992826398852,0.17216642754662842
Israeli Charoset,Israeli,185.0,8.0,29.0,3.0,5.0,15,0,15,10.0,0.3891891891891892,0.6270270270270271,0.06486486486486487
Spicy Potato Noodles (Bataka Sev),Bangladeshi,336.0,18.0,35.0,9.0,4.7,45,40,85,8.0,0.48214285714285715,0.4166666666666667,0.10714285714285714
Double Chocolate Biscotti with Cherries,Italian,152.0,6.0,21.0,3.0,3.3,10,0,80,24.0,0.35526315789473684,0.5526315789473685,0.07894736842105263
Cherry Amish Friendship Bread Cupcakes with Buttercream Frosting,Amish and Mennonite,366.0,20.0,46.0,3.0,4.0,20,20,70,24.0,0.4918032786885246,0.5027322404371585,0.03278688524590164
Beef Pirozhki,Russian,293.0,16.0,22.0,14.0,4.8,45,25,150,15.0,0.49146757679180886,0.3003412969283277,0.19112627986348124
Pique (Puerto Rican Hot Sauce),Puerto Rican,52.0,2.0,7.0,1.0,5.0,15,5,25,16.0,0.34615384615384615,0.5384615384615384,0.07692307692307693
Original Kumla Recipe from Mom,Norwegian,378.0,11.0,37.0,31.0,4.6,60,75,135,25.0,0.2619047619047619,0.3915343915343915,0.328042328042328
Grandma's Authentic Swedish Meatballs,Swedish,437.0,28.0,22.0,23.0,4.3,20,40,60,6.0,0.5766590389016019,0.20137299771167047,0.21052631578947367
Finnish Turnip Casserole,Finnish,176.0,8.0,23.0,4.0,4.5,30,65,95,6.0,0.4090909090909091,0.5227272727272727,0.09090909090909091
Chicharrones de Pollo,Cuban,362.0,12.0,23.0,29.0,4.0,20,20,160,6.0,0.2983425414364641,0.2541436464088398,0.32044198895027626
Carrot Halwa,Indian,288.0,15.0,34.0,7.0,5.0,30,75,105,12.0,0.46875,0.4722222222222222,0.09722222222222222
Amish Blackberry and Strawberry Baked Oatmeal,Amish and Mennonite,337.0,15.0,48.0,4.0,4.4,10,30,40,12.0,0.40059347181008903,0.56973293768546,0.04747774480712166
Ono Butter Mochi,Australian and New Zealander,463.0,14.0,78.0,7.0,4.7,5,60,65,12.0,0.27213822894168466,0.673866090712743,0.06047516198704104
Porotos Granados (Chilean Bean Stew),Chilean,285.0,4.0,53.0,14.0,4.3,15,45,60,6.0,0.12631578947368421,0.743859649122807,0.19649122807017544
Real Homemade Bagels,Jewish,278.0,7.0,56.0,2.0,4.4,30,20,200,6.0,0.22661870503597123,0.8057553956834532,0.02877697841726619
Easy Blini (Russian Pancake),Russian,167.0,7.0,21.0,5.0,4.9,10,15,25,5.0,0.3772455089820359,0.5029940119760479,0.11976047904191617
Traditional Swedish Pancakes,Swedish,314.0,12.0,36.0,14.0,4.7,10,5,15,4.0,0.34394904458598724,0.4585987261146497,0.17834394904458598
Authentic Chinese Egg Rolls (from a Chinese person),Chinese,169.0,7.0,16.0,10.0,4.7,60,30,150,20.0,0.3727810650887574,0.378698224852071,0.23668639053254437
Brazilian Grilled Pineapple,Brazilian,255.0,0.0,66.0,1.0,4.9,10,10,20,6.0,0.0,1.035294117647059,0.01568627450980392
Toum,Lebanese,87.0,9.0,3.0,0.0,4.5,10,0,10,6.0,0.9310344827586207,0.13793103448275862,0.0
Virgin Strawberry Daiquiri,Cuban,287.0,0.0,74.0,0.0,4.3,5,0,5,1.0,0.0,1.0313588850174216,0.0
Best Matzo Balls,Jewish,106.0,6.0,10.0,3.0,4.7,20,25,75,16.0,0.5094339622641509,0.37735849056603776,0.11320754716981132
Panettone,Italian,153.0,6.0,23.0,3.0,4.9,20,40,240,36.0,0.35294117647058826,0.6013071895424836,0.0784313725490196
Pollo Saltado (Peruvian-Style Chicken Stir-Fry),Peruvian,351.0,11.0,37.0,27.0,3.0,20,20,55,4.0,0.28205128205128205,0.42165242165242167,0.3076923076923077
Citrus Ceviche,Peruvian,440.0,29.0,17.0,30.0,4.1,25,15,160,4.0,0.5931818181818181,0.15454545454545454,0.2727272727272727
Ajiaco (Beef and Pepper Stew),Chilean,579.0,24.0,34.0,54.0,4.2,25,35,60,4.0,0.37305699481865284,0.23488773747841105,0.37305699481865284
Butter Mochi Cupcakes,Australian and New Zealander,208.0,10.0,28.0,4.0,5.0,10,35,65,12.0,0.4326923076923077,0.5384615384615384,0.07692307692307693
Canelés de Bordeaux,French,193.0,7.0,27.0,3.0,4.5,20,70,95,12.0,0.32642487046632124,0.5595854922279793,0.06217616580310881
Sausage and Sauerkraut,German,777.0,62.0,29.0,25.0,4.7,15,200,215,5.0,0.7181467181467182,0.1492921492921493,0.1287001287001287
Chicken Ropa Vieja,Cuban,291.0,11.0,11.0,35.0,4.1,40,45,85,4.0,0.3402061855670103,0.15120274914089346,0.48109965635738833
Brazilian Whole Banana Pie,Brazilian,451.0,11.0,83.0,11.0,4.1,20,45,65,12.0,0.21951219512195122,0.7361419068736141,0.0975609756097561
Chilean Empanada,Chilean,530.0,28.0,54.0,16.0,4.2,20,40,70,12.0,0.47547169811320755,0.4075471698113208,0.12075471698113208
Copycat Panda Express Chow Mein,Chinese,492.0,36.0,35.0,8.0,5.0,5,6,11,4.0,0.6585365853658537,0.2845528455284553,0.06504065040650407
Classic Chicken Cordon Bleu,French,584.0,41.0,8.0,42.0,4.8,20,40,60,6.0,0.6318493150684932,0.0547945205479452,0.2876712328767123
Halloumi Cheese Fingers,Greek,299.0,25.0,3.0,18.0,4.7,5,5,10,2.0,0.7525083612040134,0.04013377926421405,0.2408026755852843
Easy and Quick Halushki,Polish,698.0,38.0,69.0,22.0,4.6,10,20,30,6.0,0.4899713467048711,0.3954154727793696,0.12607449856733524
Chicken Makhani (Indian Butter Chicken),Indian,408.0,28.0,16.0,23.0,4.5,10,25,35,4.0,0.6176470588235294,0.1568627450980392,0.22549019607843138
Cha Gio Vietnamese Egg Rolls,Vietnamese,228.0,14.0,14.0,12.0,4.6,45,5,65,12.0,0.5526315789473685,0.24561403508771928,0.21052631578947367
Cretons,Canadian,101.0,6.0,4.0,8.0,4.3,10,70,80,12.0,0.5346534653465347,0.15841584158415842,0.31683168316831684
Zucchini Scarpaccia,Italian,137.0,7.0,13.0,5.0,4.0,30,40,90,12.0,0.45985401459854014,0.3795620437956204,0.145985401459854
Portuguese Soup,Portuguese,537.0,20.0,73.0,21.0,4.0,20,90,110,8.0,0.33519553072625696,0.5437616387337058,0.1564245810055866
Brazilian Cheese Rolls (Pão de Queijo),Brazilian,199.0,12.0,17.0,6.0,4.7,20,15,50,14.0,0.542713567839196,0.3417085427135678,0.12060301507537688
Pastry Cream,French,151.0,6.0,21.0,4.0,4.8,15,10,25,8.0,0.3576158940397351,0.5562913907284768,0.10596026490066225
Andouille and Poblano Quesadillas,Tex-Mex,598.0,36.0,48.0,22.0,4.7,15,25,40,4.0,0.5418060200668896,0.3210702341137124,0.14715719063545152
Down-South Style Green Beans,Soul Food,152.0,11.0,6.0,7.0,4.4,60,120,180,6.0,0.6513157894736842,0.15789473684210525,0.18421052631578946
Fried Sweet Bananas,Brazilian,169.0,6.0,31.0,1.0,4.4,10,5,15,6.0,0.31952662721893493,0.7337278106508875,0.023668639053254437
Saltado de Vainitas (Peruvian Green Beans with Chicken),Peruvian,189.0,5.0,14.0,22.0,4.3,15,25,40,6.0,0.23809523809523808,0.2962962962962963,0.4656084656084656
Alfajores Argentinean Style,Argentinian,157.0,7.0,23.0,1.0,4.4,30,10,80,36.0,0.4012738853503185,0.5859872611464968,0.025477707006369428
Loaded Beef Nachos,Tex-Mex,817.0,46.0,56.0,48.0,4.7,5,10,15,4.0,0.5067319461444308,0.2741738066095471,0.2350061199510404
Aji (Colombian Salsa),Colombian,52.0,4.0,5.0,1.0,4.5,30,0,30,8.0,0.6923076923076923,0.38461538461538464,0.07692307692307693
Honey Walnut Shrimp,Chinese,605.0,26.0,68.0,26.0,4.7,15,20,35,4.0,0.3867768595041322,0.44958677685950416,0.171900826446281
Thai Pineapple Chicken Curry,Thai,623.0,35.0,78.0,20.0,4.5,15,35,50,6.0,0.5056179775280899,0.5008025682182986,0.12841091492776885
Tortilla de Patatas,Spanish,439.0,40.0,15.0,5.0,5.0,20,20,45,12.0,0.8200455580865603,0.1366742596810934,0.04555808656036447
Yabluchnyk (Ukrainian Apple Cake),Russian,264.0,13.0,37.0,3.0,4.5,15,25,40,12.0,0.4431818181818182,0.5606060606060606,0.045454545454545456
Chicken Shawarma,Lebanese,402.0,15.0,44.0,23.0,4.3,10,40,290,8.0,0.3358208955223881,0.43781094527363185,0.22885572139303484
Branzino Mediterranean,Greek,380.0,13.0,7.0,53.0,4.8,15,25,40,4.0,0.3078947368421053,0.07368421052631578,0.5578947368421052
Coxinhas (Brazilian Chicken Croquettes),Brazilian,167.0,8.0,19.0,5.0,4.0,60,60,120,20.0,0.4311377245508982,0.4550898203592814,0.11976047904191617
Durian Puree Cheesecake,Malaysian,448.0,29.0,40.0,9.0,4.8,15,60,75,8.0,0.5825892857142857,0.35714285714285715,0.08035714285714286
Grandma's Polish Perogies,Polish,281.0,11.0,38.0,8.0,4.7,60,40,100,20.0,0.35231316725978645,0.5409252669039146,0.11387900355871886
Sesame Jellyfish Salad,Canadian,148.0,14.0,3.0,5.0,5.0,10,5,30,4.0,0.8513513513513513,0.08108108108108109,0.13513513513513514
Brazilian Passion Fruit Mousse (Maracuja),Brazilian,515.0,35.0,45.0,7.0,4.3,15,60,75,6.0,0.6116504854368932,0.34951456310679613,0.05436893203883495
Brazilian White Rice,Brazilian,201.0,4.0,38.0,3.0,4.4,15,30,45,8.0,0.1791044776119403,0.7562189054726368,0.05970149253731343
Cajun Shrimp and Sausage Pasta Bake,Cajun and Creole,635.0,39.0,35.0,35.0,5.0,15,45,60,4.0,0.552755905511811,0.2204724409448819,0.2204724409448819
Best Hawaiian Banana Nut Bread,Australian and New Zealander,441.0,24.0,54.0,5.0,4.6,30,70,130,12.0,0.4897959183673469,0.4897959183673469,0.045351473922902494
Lyonnaise Potatoes,French,325.0,20.0,35.0,4.0,4.1,30,25,55,6.0,0.5538461538461539,0.4307692307692308,0.04923076923076923
Kibby (Kibby-Bel-Saneeya),Lebanese,439.0,26.0,27.0,28.0,4.8,10,30,65,4.0,0.5330296127562643,0.2460136674259681,0.255125284738041
Beef Samosas,Bangladeshi,258.0,15.0,24.0,8.0,4.6,30,30,120,18.0,0.5232558139534884,0.37209302325581395,0.12403100775193798
Israeli Tomato and Cucumber Salad,Israeli,208.0,18.0,11.0,2.0,4.4,20,0,20,6.0,0.7788461538461539,0.21153846153846154,0.038461538461538464
Elk Steak Marinade,Canadian,259.0,13.0,3.0,33.0,4.9,5,10,255,4.0,0.4517374517374517,0.04633204633204633,0.5096525096525096
Swedish Saffron Buns,Swedish,169.0,4.0,29.0,4.0,4.7,15,10,115,35.0,0.21301775147928995,0.6863905325443787,0.09467455621301775
Turkey Kofta Kebabs,Persian,65.0,3.0,1.0,8.0,4.8,15,25,40,12.0,0.4153846153846154,0.06153846153846154,0.49230769230769234
Racuchy z Jablkami (Polish Apple Pancakes),Polish,416.0,7.0,76.0,14.0,4.4,15,5,20,4.0,0.15144230769230768,0.7307692307692307,0.1346153846153846
Haldi Ka Doodh (Hot Turmeric Milk),Indian,154.0,5.0,19.0,8.0,4.8,5,10,15,1.0,0.2922077922077922,0.4935064935064935,0.2077922077922078
Masht-o Khiyaar (Persian Cucumber Salad with Sultanas and Walnuts),Persian,59.0,3.0,9.0,1.0,4.5,10,0,90,4.0,0.4576271186440678,0.6101694915254238,0.06779661016949153
Pork Pie,Canadian,712.0,51.0,28.0,33.0,4.2,15,50,65,8.0,0.6446629213483146,0.15730337078651685,0.1853932584269663
Fastelavnsboller (Fastelavn Buns),Danish,214.0,7.0,31.0,6.0,4.0,60,15,105,18.0,0.29439252336448596,0.5794392523364486,0.11214953271028037
Instant Pot Filipino Chicken Adobo,Filipino,352.0,21.0,9.0,30.0,4.8,5,30,40,4.0,0.5369318181818182,0.10227272727272728,0.3409090909090909
Finnish Pancakes,Finnish,176.0,10.0,15.0,7.0,4.7,10,5,15,4.0,0.5113636363636364,0.3409090909090909,0.1590909090909091
Margareta's Cardamom Cake,Swedish,410.0,20.0,55.0,5.0,5.0,10,60,80,10.0,0.43902439024390244,0.5365853658536586,0.04878048780487805
Spicy Thai Basil Chicken (Pad Krapow Gai),Thai,715.0,30.0,59.0,50.0,4.8,15,10,25,2.0,0.3776223776223776,0.3300699300699301,0.27972027972027974
Vietnamese Sandwich,Vietnamese,627.0,12.0,72.0,55.0,4.5,10,5,15,4.0,0.1722488038277512,0.45933014354066987,0.3508771929824561
Nada's Baba Cake,Australian and New Zealander,208.0,5.0,37.0,4.0,3.8,30,60,90,12.0,0.21634615384615385,0.7115384615384616,0.07692307692307693
"Spicy Indian Green Beans, Gujarati Style",Indian,171.0,14.0,11.0,3.0,4.4,15,20,35,4.0,0.7368421052631579,0.2573099415204678,0.07017543859649122
Lebanese Zaatar (Za'atar) Bread,Lebanese,266.0,17.0,26.0,4.0,4.0,30,25,55,40.0,0.575187969924812,0.39097744360902253,0.06015037593984962
Lebanese Bean Salad,Lebanese,312.0,9.0,45.0,13.0,4.7,10,0,130,5.0,0.25961538461538464,0.5769230769230769,0.16666666666666666
Cioccolata Calda (Hot Chocolate Italian-Style),Italian,169.0,5.0,27.0,8.0,4.4,5,15,20,2.0,0.26627218934911245,0.6390532544378699,0.1893491124260355
Empanadas Fritas de Queso,Chilean,343.0,14.0,39.0,15.0,3.3,20,20,55,8.0,0.3673469387755102,0.45481049562682213,0.1749271137026239
Crispy Ginger Beef,Canadian,364.0,14.0,45.0,15.0,4.6,25,20,45,5.0,0.34615384615384615,0.4945054945054945,0.16483516483516483
Yummy Matzo Rolls,Israeli,480.0,33.0,35.0,15.0,4.0,15,40,85,4.0,0.61875,0.2916666666666667,0.125
Swedish Meatballs I,Scandinavian,662.0,48.0,26.0,31.0,4.1,25,60,85,4.0,0.6525679758308157,0.15709969788519637,0.18731117824773413
Easy Polish Noodles,Polish,310.0,4.0,55.0,12.0,4.9,5,35,40,6.0,0.11612903225806452,0.7096774193548387,0.15483870967741936
Tex-Mex Burger with Cajun Mayo,Tex-Mex,714.0,49.0,29.0,38.0,4.6,25,15,40,4.0,0.6176470588235294,0.16246498599439776,0.21288515406162464
Shrimp and Cheesy Grits with Bacon,Soul Food,446.0,24.0,17.0,39.0,4.6,30,30,60,4.0,0.484304932735426,0.15246636771300448,0.34977578475336324
Restaurant Style Egg Drop Soup,Chinese,76.0,4.0,4.0,5.0,4.5,10,10,20,4.0,0.47368421052631576,0.21052631578947367,0.2631578947368421
Fricase de Pollo,Cuban,454.0,27.0,7.0,43.0,4.4,25,15,60,3.0,0.5352422907488987,0.06167400881057269,0.3788546255506608
Cuban Goulash,Cuban,197.0,6.0,27.0,11.0,4.1,20,40,60,6.0,0.27411167512690354,0.5482233502538071,0.2233502538071066
Lolah's Chicken Adobo,Filipino,265.0,12.0,3.0,35.0,4.7,10,70,80,8.0,0.4075471698113208,0.045283018867924525,0.5283018867924528
Rich and Simple French Onion Soup,French,586.0,44.0,28.0,21.0,4.6,15,40,55,4.0,0.6757679180887372,0.19112627986348124,0.14334470989761092
Pastel de Papas (Chilean Potato Pie),Chilean,366.0,25.0,22.0,14.0,4.2,35,65,110,8.0,0.6147540983606558,0.24043715846994534,0.15300546448087432
Stewed Okra with Tomatoes,Soul Food,66.0,1.0,13.0,3.0,4.6,10,20,30,6.0,0.13636363636363635,0.7878787878787878,0.18181818181818182
Air Fryer Samosas,Indian,141.0,3.0,20.0,7.0,1.0,25,25,50,12.0,0.19148936170212766,0.5673758865248227,0.19858156028368795
Roasted Greek Lemon Potatoes,Greek,282.0,12.0,40.0,5.0,4.8,15,60,75,6.0,0.3829787234042553,0.5673758865248227,0.07092198581560284
Jewish Coffee Cake,Jewish,364.0,21.0,40.0,5.0,4.6,0,0,0,12.0,0.5192307692307693,0.43956043956043955,0.054945054945054944
Baked Sweet And Sour Chicken,Chinese,823.0,30.0,88.0,53.0,3.5,20,30,50,4.0,0.32806804374240583,0.42770352369380316,0.25759416767922233
Russian Tea Cakes,Russian,101.0,7.0,8.0,1.0,4.7,20,15,50,36.0,0.6237623762376238,0.31683168316831684,0.039603960396039604
Manti (Turkish 'Ravioli' with Yogurt Sauce),Turkish,293.0,17.0,27.0,9.0,3.9,10,10,20,4.0,0.5221843003412969,0.36860068259385664,0.12286689419795221
Perogies,Polish,376.0,20.0,40.0,11.0,4.1,45,5,50,16.0,0.4787234042553192,0.425531914893617,0.11702127659574468
Curried Coconut Chicken,Thai,375.0,21.0,17.0,32.0,4.5,20,40,60,6.0,0.504,0.18133333333333335,0.3413333333333333
Jay's Jerk Chicken,Jamaican,385.0,18.0,15.0,39.0,4.7,20,10,270,4.0,0.42077922077922075,0.15584415584415584,0.4051948051948052
Peruvian Pickled Onions (Salsa Criolla),Peruvian,71.0,2.0,13.0,2.0,4.5,30,0,70,4.0,0.2535211267605634,0.7323943661971831,0.11267605633802817
Jamaican Beef Patties,Jamaican,367.0,21.0,27.0,17.0,4.5,30,40,70,10.0,0.5149863760217984,0.29427792915531337,0.18528610354223432
Faworki (Polish Chrusciki),Polish,126.0,5.0,17.0,3.0,3.7,20,2,22,20.0,0.35714285714285715,0.5396825396825397,0.09523809523809523
Cherry Tomato Pasta Sauce,Italian,475.0,12.0,76.0,18.0,4.8,15,10,30,4.0,0.22736842105263158,0.64,0.15157894736842106
Chicken Saag,Indian,450.0,26.0,18.0,39.0,4.5,30,75,105,6.0,0.52,0.16,0.3466666666666667
Baked Falafel,Jewish,281.0,9.0,39.0,11.0,4.4,20,20,55,2.0,0.28825622775800713,0.5551601423487544,0.15658362989323843
Italian Ricotta Cookie Bars,Italian,213.0,9.0,29.0,4.0,4.3,15,30,75,16.0,0.38028169014084506,0.5446009389671361,0.07511737089201878
Joel's Jerk Chicken Pineapple Pasta,Jamaican,628.0,20.0,79.0,35.0,4.3,15,25,40,2.0,0.28662420382165604,0.5031847133757962,0.2229299363057325
Finnish Pannu Kakku,Finnish,437.0,22.0,53.0,9.0,4.5,5,20,30,6.0,0.45308924485125857,0.4851258581235698,0.08237986270022883
Lubia Polo (Green Bean Rice),Persian,676.0,29.0,85.0,22.0,4.0,20,70,90,6.0,0.386094674556213,0.5029585798816568,0.1301775147928994
Peruvian Arroz con Pollo (Peruvian Rice and Chicken),Peruvian,501.0,21.0,60.0,19.0,4.5,15,80,95,6.0,0.3772455089820359,0.47904191616766467,0.15169660678642716
Bread Machine Challah I,Jewish,184.0,4.0,30.0,6.0,4.7,5,180,185,12.0,0.1956521739130435,0.6521739130434783,0.13043478260869565
Nanaimo Bars I,Canadian,389.0,23.0,47.0,4.0,4.7,0,0,0,12.0,0.532133676092545,0.4832904884318766,0.04113110539845758
Cuban Banana Casserole,Cuban,312.0,17.0,42.0,2.0,4.1,10,30,45,8.0,0.49038461538461536,0.5384615384615384,0.02564102564102564
Sopa de Mariscos (Seafood Soup),Tex-Mex,278.0,10.0,16.0,33.0,5.0,30,65,95,10.0,0.3237410071942446,0.2302158273381295,0.4748201438848921
Cajun Pastalaya,Cajun and Creole,640.0,32.0,54.0,37.0,5.0,15,45,60,8.0,0.45,0.3375,0.23125
Vegetarian Banh Mi Bowls,Vietnamese,614.0,27.0,81.0,12.0,4.4,10,30,40,4.0,0.3957654723127036,0.5276872964169381,0.0781758957654723
Leche Asada,Chilean,258.0,9.0,25.0,10.0,3.6,15,50,65,6.0,0.313953488372093,0.3875968992248062,0.15503875968992248
Vegan Sweet Potato Chickpea Curry,Indian,293.0,22.0,22.0,5.0,4.7,10,20,30,6.0,0.6757679180887372,0.3003412969283277,0.06825938566552901
Authentic Vietnamese Spring Rolls (Nem Ran Hay Cha Gio),Vietnamese,132.0,5.0,14.0,7.0,4.8,60,5,85,12.0,0.3409090909090909,0.42424242424242425,0.21212121212121213
Polish Gołąbki (Stuffed Cabbage Rolls),Polish,311.0,14.0,27.0,20.0,4.1,30,135,165,20.0,0.40514469453376206,0.34726688102893893,0.2572347266881029
Mexican Lasagna Lite,Tex-Mex,468.0,12.0,50.0,40.0,4.4,25,35,60,6.0,0.23076923076923078,0.42735042735042733,0.3418803418803419
The Best Pavlova,Australian and New Zealander,186.0,9.0,25.0,2.0,4.7,25,60,115,12.0,0.43548387096774194,0.5376344086021505,0.043010752688172046
No Ordinary Meatloaf,Tex-Mex,392.0,19.0,30.0,26.0,4.4,20,45,70,8.0,0.4362244897959184,0.30612244897959184,0.2653061224489796
Goi Ga (Vietnamese Chicken and Cabbage Salad),Vietnamese,167.0,6.0,17.0,14.0,5.0,20,0,140,8.0,0.32335329341317365,0.40718562874251496,0.33532934131736525
Duck a l'Orange,French,354.0,21.0,15.0,20.0,4.8,15,20,50,2.0,0.5338983050847458,0.1694915254237288,0.22598870056497175
Easy Swedish Pancakes,Scandinavian,252.0,13.0,21.0,12.0,4.2,10,10,20,4.0,0.4642857142857143,0.3333333333333333,0.19047619047619047
"Chicken French (Rochester, NY Style)",French,405.0,23.0,15.0,33.0,4.8,15,15,30,4.0,0.5111111111111111,0.14814814814814814,0.32592592592592595
Turkish Doner Kebab,Turkish,284.0,19.0,2.0,24.0,5.0,10,80,100,4.0,0.602112676056338,0.028169014084507043,0.3380281690140845
Chicken Souvlaki with Tzatziki Sauce,Greek,268.0,17.0,3.0,26.0,4.7,15,15,150,6.0,0.5708955223880597,0.04477611940298507,0.3880597014925373
Naan,Indian,52.0,4.0,4.0,1.0,4.7,30,20,150,14.0,0.6923076923076923,0.3076923076923077,0.07692307692307693
Nova Scotian Hodge Podge,Canadian,241.0,19.0,17.0,3.0,4.4,25,70,95,6.0,0.7095435684647303,0.2821576763485477,0.04979253112033195
Cajun Chicken and Sausage Gumbo,Cajun and Creole,879.0,55.0,53.0,45.0,4.8,15,160,175,8.0,0.5631399317406144,0.24118316268486917,0.20477815699658702
Easy Bulgogi (Korean BBQ Beef),Korean,226.0,10.0,11.0,21.0,4.8,10,5,75,6.0,0.39823008849557523,0.19469026548672566,0.37168141592920356
Louisiana Crawfish Étouffée,Southern Recipes,636.0,25.0,83.0,19.0,4.7,15,15,30,6.0,0.35377358490566035,0.5220125786163522,0.11949685534591195
Schnitzel,German,677.0,31.0,60.0,38.0,4.1,10,60,70,4.0,0.4121122599704579,0.35450516986706054,0.22451994091580502
Finnish-American Flatbread,Finnish,404.0,4.0,78.0,13.0,5.0,10,20,135,12.0,0.0891089108910891,0.7722772277227723,0.12871287128712872
Chef John's Mulligatawny Soup,Indian,263.0,9.0,29.0,18.0,4.9,30,70,100,6.0,0.30798479087452474,0.44106463878326996,0.2737642585551331
Japanese-Style Sesame Green Beans,Japanese,97.0,7.0,9.0,3.0,4.5,5,15,20,4.0,0.6494845360824743,0.3711340206185567,0.12371134020618557
Gochujang-Sauced Air Fryer Cauliflower Bites,Korean,149.0,4.0,29.0,3.0,5.0,15,10,25,8.0,0.24161073825503357,0.7785234899328859,0.08053691275167785
Chimichurri Sauce,Argentinian,133.0,14.0,1.0,0.0,4.5,5,0,5,12.0,0.9473684210526315,0.03007518796992481,0.0
Chinese Hand-Pulled Noodles in Beef Broth,Chinese,671.0,15.0,101.0,29.0,5.0,30,165,235,8.0,0.20119225037257824,0.6020864381520119,0.17287630402384502
Bannock,Canadian,149.0,4.0,25.0,3.0,4.4,10,30,40,12.0,0.24161073825503357,0.6711409395973155,0.08053691275167785
Curried Israeli Couscous,Israeli,174.0,4.0,30.0,5.0,4.0,5,15,20,8.0,0.20689655172413793,0.6896551724137931,0.11494252873563218
Bill's Peruvian Chicken and Rice,Peruvian,402.0,12.0,51.0,23.0,4.5,20,78,98,4.0,0.26865671641791045,0.5074626865671642,0.22885572139303484
Hawaiian Banana Nut Bread,Australian and New Zealander,234.0,11.0,32.0,3.0,4.7,10,60,80,30.0,0.4230769230769231,0.5470085470085471,0.05128205128205128
Pork Dumplings,Chinese,752.0,29.0,81.0,39.0,4.7,45,15,60,10.0,0.3470744680851064,0.4308510638297872,0.2074468085106383
Easy Russian Mushroom Bake,Russian,415.0,36.0,10.0,15.0,4.4,10,25,35,4.0,0.7807228915662651,0.0963855421686747,0.14457831325301204
Polish Cherry Cake,Polish,313.0,14.0,43.0,6.0,4.1,15,50,65,12.0,0.402555910543131,0.549520766773163,0.07667731629392971
Black-Eyed Pea Soup,Soul Food,416.0,20.0,32.0,26.0,4.8,15,60,75,8.0,0.4326923076923077,0.3076923076923077,0.25
German Apple Cake,German,201.0,10.0,28.0,2.0,4.8,15,45,60,24.0,0.44776119402985076,0.5572139303482587,0.03980099502487562
Traditional Russian Pirozhki,Russian,134.0,3.0,21.0,5.0,4.5,30,20,110,30.0,0.20149253731343283,0.6268656716417911,0.14925373134328357
Indian Saffron Rice,Indian,154.0,4.0,26.0,3.0,4.4,5,20,25,6.0,0.23376623376623376,0.6753246753246753,0.07792207792207792
South African Brown Pudding,South African,302.0,8.0,54.0,5.0,4.0,10,70,80,16.0,0.23841059602649006,0.7152317880794702,0.06622516556291391
Knefla Soup,Scandinavian,549.0,17.0,83.0,17.0,4.5,20,40,60,6.0,0.2786885245901639,0.604735883424408,0.12386156648451731
Poulet au Vinaigre (Chicken with Vinegar),French,448.0,29.0,5.0,37.0,4.9,15,60,75,6.0,0.5825892857142857,0.044642857142857144,0.33035714285714285
Spanish Rice and Shrimp,Spanish,247.0,12.0,14.0,21.0,4.0,25,38,63,4.0,0.43724696356275305,0.22672064777327935,0.340080971659919
Tuscan Butter Shrimp,Italian,540.0,41.0,16.0,23.0,4.7,15,15,30,4.0,0.6833333333333333,0.11851851851851852,0.17037037037037037
Challah Bread,Jewish,165.0,3.0,30.0,4.0,4.7,30,40,220,30.0,0.16363636363636364,0.7272727272727273,0.09696969696969697
Golabki (Stuffed Cabbage Rolls),Polish,404.0,17.0,38.0,25.0,4.4,45,75,135,9.0,0.3787128712871287,0.37623762376237624,0.24752475247524752
South African Melktert (Milk Tart),South African,294.0,9.0,47.0,8.0,4.0,20,50,70,8.0,0.2755102040816326,0.6394557823129252,0.10884353741496598
Vietnamese Egg Coffee,Vietnamese,175.0,8.0,21.0,6.0,5.0,5,0,5,1.0,0.4114285714285714,0.48,0.13714285714285715
Thai-Inspired Potato Salad,Thai,349.0,14.0,52.0,9.0,5.0,35,45,120,6.0,0.36103151862464183,0.5959885386819485,0.10315186246418338
Mexican Black Bean and Turkey Wraps,Tex-Mex,403.0,11.0,45.0,31.0,5.0,10,35,45,4.0,0.2456575682382134,0.4466501240694789,0.3076923076923077
Arroz con Pollo (Peruvian Style),Peruvian,712.0,15.0,105.0,30.0,4.2,15,30,45,5.0,0.1896067415730337,0.5898876404494382,0.16853932584269662
Easy Pina Colada French Toast,Puerto Rican,327.0,11.0,44.0,16.0,4.5,15,25,40,6.0,0.30275229357798167,0.5382262996941896,0.19571865443425077
Chef John's Beef Rouladen,German,641.0,39.0,23.0,48.0,4.6,15,90,110,2.0,0.5475819032761311,0.1435257410296412,0.2995319812792512
Amish Chocolate Cake,Amish and Mennonite,228.0,9.0,33.0,4.0,4.5,15,30,75,12.0,0.35526315789473684,0.5789473684210527,0.07017543859649122
Real French Crêpes,Canadian,110.0,2.0,17.0,5.0,4.3,5,15,20,7.0,0.16363636363636364,0.6181818181818182,0.18181818181818182
Pumpkin Custard Pie I,Amish and Mennonite,228.0,8.0,34.0,6.0,4.3,0,0,0,8.0,0.3157894736842105,0.5964912280701754,0.10526315789473684
My Amish Friend's Caramel Corn,Amish and Mennonite,238.0,16.0,22.0,3.0,4.9,20,70,90,30.0,0.6050420168067226,0.3697478991596639,0.05042016806722689
Filipino Fish Escabeche,Filipino,259.0,16.0,23.0,6.0,4.7,15,30,45,4.0,0.555984555984556,0.3552123552123552,0.09266409266409266
Chilean Dobladitas,Chilean,477.0,28.0,49.0,7.0,4.3,25,15,40,8.0,0.5283018867924528,0.4109014675052411,0.05870020964360587
Cuban Beans and Rice,Cuban,258.0,3.0,49.0,7.0,4.2,10,50,60,6.0,0.10465116279069768,0.7596899224806202,0.10852713178294573
Best Ever Russian Beef Stroganoff,Russian,496.0,35.0,16.0,29.0,4.4,20,20,40,4.0,0.6350806451612904,0.12903225806451613,0.23387096774193547
Ultimate Lowcountry Shrimp and Grits,Southern Recipes,695.0,28.0,66.0,45.0,5.0,30,70,100,6.0,0.36258992805755397,0.37985611510791367,0.2589928057553957
Southern as You Can Get Collard Greens,Soul Food,165.0,11.0,3.0,13.0,4.7,15,60,75,8.0,0.6,0.07272727272727272,0.3151515151515151
Tex-Mex Tuna Salad,Tex-Mex,263.0,12.0,25.0,15.0,3.9,15,0,15,6.0,0.41064638783269963,0.38022813688212925,0.22813688212927757
Grilled Cajun Corn,Cajun and Creole,387.0,36.0,18.0,3.0,5.0,5,15,20,2.0,0.8372093023255814,0.18604651162790697,0.031007751937984496
Poutine Gravy,Canadian,327.0,22.0,18.0,14.0,4.6,25,30,55,8.0,0.6055045871559633,0.22018348623853212,0.1712538226299694
Greek Butter Cookies,Greek,74.0,4.0,9.0,1.0,4.6,20,10,30,48.0,0.4864864864864865,0.4864864864864865,0.05405405405405406
Mie Goreng - Indonesian Fried Noodles,Indonesian,356.0,14.0,34.0,23.0,4.4,20,15,35,6.0,0.3539325842696629,0.38202247191011235,0.25842696629213485
Basic Crêpes,French,216.0,9.0,26.0,7.0,4.6,10,20,30,4.0,0.375,0.48148148148148145,0.12962962962962962
Pan De Sal I,Filipino,175.0,3.0,32.0,4.0,4.3,0,0,0,20.0,0.15428571428571428,0.7314285714285714,0.09142857142857143
Crispy Southern Fried Chicken,Soul Food,806.0,30.0,79.0,51.0,3.8,10,20,30,6.0,0.3349875930521092,0.3920595533498759,0.2531017369727047
Dutch Cookies,Dutch,107.0,6.0,13.0,1.0,4.4,0,0,0,40.0,0.5046728971962616,0.48598130841121495,0.037383177570093455
Simple Spanish Rice,Spanish,359.0,15.0,52.0,6.0,4.4,10,30,40,4.0,0.37604456824512533,0.5793871866295265,0.06685236768802229
Mum's Swedish Meatballs,Swedish,458.0,31.0,17.0,27.0,4.5,20,35,55,8.0,0.6091703056768559,0.14847161572052403,0.23580786026200873
Swedish Pancakes (Vegan),Swedish,475.0,20.0,66.0,10.0,4.0,10,3,13,2.0,0.37894736842105264,0.5557894736842105,0.08421052631578947
Puerto Rican Breakfast Custard,Puerto Rican,250.0,8.0,37.0,8.0,4.7,5,25,30,2.0,0.288,0.592,0.128
Chicken in Black Bean Sauce,Chinese,266.0,8.0,9.0,38.0,4.8,15,15,50,6.0,0.2706766917293233,0.13533834586466165,0.5714285714285714
Jan Hagel Cookies,Dutch,157.0,10.0,17.0,2.0,4.7,20,30,50,24.0,0.5732484076433121,0.43312101910828027,0.050955414012738856
Japanese-Style Cabbage Salad,Japanese,126.0,10.0,8.0,4.0,4.2,25,0,25,12.0,0.7142857142857143,0.25396825396825395,0.12698412698412698
Brazilian Chicken Stew (Galinha Ensopada),Brazilian,425.0,26.0,9.0,37.0,3.5,10,75,85,4.0,0.5505882352941176,0.08470588235294117,0.34823529411764703
The Amazing Swedish Meatball,Scandinavian,560.0,43.0,19.0,25.0,3.4,20,60,80,6.0,0.6910714285714286,0.1357142857142857,0.17857142857142858
Southern-Style Chocolate Gravy,Southern Recipes,91.0,2.0,17.0,2.0,4.8,10,10,20,12.0,0.1978021978021978,0.7472527472527473,0.08791208791208792
Crispy Ginger Biscuits,Australian and New Zealander,124.0,4.0,21.0,1.0,4.0,25,10,35,24.0,0.2903225806451613,0.6774193548387096,0.03225806451612903
Okra Patties,Soul Food,224.0,12.0,25.0,5.0,4.5,20,10,30,6.0,0.48214285714285715,0.44642857142857145,0.08928571428571429
Tanya's Louisiana Southern Fried Chicken,Soul Food,638.0,30.0,48.0,43.0,4.5,10,20,30,6.0,0.4231974921630094,0.30094043887147337,0.26959247648902823
Shakshuka (Middle Eastern Breakfast Dish),Israeli,249.0,15.0,16.0,16.0,4.7,10,25,35,2.0,0.5421686746987951,0.2570281124497992,0.2570281124497992
Easy Sheet Pan Beef Bulgogi,Korean,339.0,21.0,13.0,26.0,4.7,15,10,85,6.0,0.5575221238938053,0.15339233038348082,0.30678466076696165
Polish Cabbage Roll Soup,Polish,358.0,22.0,22.0,21.0,4.9,10,50,60,8.0,0.553072625698324,0.24581005586592178,0.2346368715083799
Crispy Fried Fish,Cajun and Creole,634.0,24.0,69.0,29.0,4.5,30,15,45,4.0,0.34069400630914826,0.4353312302839117,0.1829652996845426
Carrots and Lentils,Turkish,351.0,12.0,47.0,15.0,4.6,15,45,90,4.0,0.3076923076923077,0.5356125356125356,0.17094017094017094
Cuban Marinated Steak,Cuban,245.0,16.0,4.0,21.0,4.7,15,15,65,4.0,0.5877551020408164,0.0653061224489796,0.34285714285714286
Cheesy Amish Breakfast Casserole,Amish and Mennonite,314.0,23.0,12.0,22.0,4.8,10,55,75,12.0,0.6592356687898089,0.15286624203821655,0.2802547770700637
Punjabi Chicken in Thick Gravy,Indian,325.0,22.0,4.0,28.0,4.3,25,60,85,8.0,0.6092307692307692,0.04923076923076923,0.3446153846153846
Amish Custard Cottage Cheese Pie,Amish and Mennonite,220.0,10.0,26.0,8.0,4.7,15,40,235,16.0,0.4090909090909091,0.4727272727272727,0.14545454545454545
Polvarones,Puerto Rican,100.0,6.0,11.0,1.0,4.7,15,16,31,36.0,0.54,0.44,0.04
Huancaina Sauce,Peruvian,194.0,14.0,8.0,9.0,4.5,15,5,20,8.0,0.6494845360824743,0.16494845360824742,0.18556701030927836
Mom's Portuguese Beef Stew,Portuguese,398.0,12.0,38.0,27.0,4.4,30,90,120,6.0,0.271356783919598,0.38190954773869346,0.271356783919598
Polish Noodles (Cottage Cheese and Noodles),Polish,409.0,20.0,43.0,16.0,4.6,5,15,20,8.0,0.4400977995110024,0.42053789731051344,0.15647921760391198
Vaca Frita (Pan-Fried Beef),Cuban,221.0,15.0,8.0,15.0,4.0,15,50,105,6.0,0.6108597285067874,0.14479638009049775,0.27149321266968324
Portuguese Favas,Portuguese,221.0,10.0,28.0,7.0,4.5,15,30,45,8.0,0.4072398190045249,0.5067873303167421,0.12669683257918551
Cassava Cake,Filipino,329.0,16.0,42.0,8.0,4.4,20,65,145,10.0,0.4376899696048632,0.5106382978723404,0.0972644376899696
"Brown Rice, Chicken, and Chorizo Paella",Spanish,465.0,22.0,43.0,22.0,4.0,40,75,115,8.0,0.4258064516129032,0.36989247311827955,0.18924731182795698
Hamantashen,Jewish,184.0,9.0,23.0,3.0,4.4,10,10,140,36.0,0.44021739130434784,0.5,0.06521739130434782
Chocolate Yule Log,French,526.0,34.0,56.0,6.0,4.8,50,10,195,10.0,0.5817490494296578,0.42585551330798477,0.045627376425855515
Kransekake (Norwegian Almond Ring Cake),Norwegian,280.0,13.0,39.0,6.0,4.0,30,10,60,24.0,0.41785714285714287,0.5571428571428572,0.08571428571428572
Southern Fried Apples,Southern Recipes,369.0,23.0,45.0,1.0,4.8,10,10,20,4.0,0.5609756097560976,0.4878048780487805,0.01084010840108401
Tava or Turkish Stew,Turkish,397.0,20.0,9.0,44.0,4.4,15,40,55,6.0,0.4534005037783375,0.0906801007556675,0.4433249370277078
Chicken Kiev,Russian,485.0,25.0,24.0,40.0,4.4,50,12,62,6.0,0.4639175257731959,0.1979381443298969,0.32989690721649484
Simple and Creamy Spanish Flan,Spanish,332.0,11.0,51.0,9.0,4.1,15,55,190,8.0,0.29819277108433734,0.6144578313253012,0.10843373493975904
Meat Pie,French,381.0,24.0,28.0,14.0,4.5,25,25,50,8.0,0.5669291338582677,0.29396325459317585,0.14698162729658792
Lebanese Lemon Lentil Soup,Lebanese,268.0,8.0,38.0,12.0,4.4,30,120,150,10.0,0.26865671641791045,0.5671641791044776,0.1791044776119403
Chocolate Chip Belgian Waffles,Belgian,480.0,27.0,52.0,10.0,4.9,5,10,15,3.0,0.50625,0.43333333333333335,0.08333333333333333
Chocolate Pavlova,Australian and New Zealander,402.0,21.0,52.0,5.0,4.5,20,90,170,8.0,0.4701492537313433,0.5174129353233831,0.04975124378109453
Neck Bones and Lima Beans,Soul Food,500.0,18.0,34.0,49.0,4.5,20,100,120,10.0,0.324,0.272,0.392
Brazilian Peanut Fudge,Brazilian,306.0,15.0,38.0,8.0,5.0,10,0,25,12.0,0.4411764705882353,0.49673202614379086,0.10457516339869281
Spanish Gin and Tonic (Gin Tonica),Spanish,366.0,2.0,74.0,7.0,5.0,9,0,9,1.0,0.04918032786885246,0.8087431693989071,0.07650273224043716
Keto Tex-Mex Ground Beef Casserole,Tex-Mex,447.0,31.0,9.0,33.0,4.4,10,50,65,6.0,0.6241610738255033,0.08053691275167785,0.2953020134228188
Sizzling Sherry Shrimp with Garlic,Spanish,223.0,15.0,3.0,19.0,4.4,10,5,15,4.0,0.6053811659192825,0.053811659192825115,0.34080717488789236
Dutch Bokkenpootjes - Goat's Feet,Dutch,452.0,15.0,63.0,23.0,4.1,40,15,145,12.0,0.29867256637168144,0.5575221238938053,0.20353982300884957
Quesitos (Puerto Rican Cheese-Stuffed Puff Pastry),Puerto Rican,540.0,33.0,55.0,7.0,5.0,15,15,35,8.0,0.55,0.4074074074074074,0.05185185185185185
Air Fryer Chicken Parmesan,Italian,582.0,18.0,45.0,57.0,4.5,15,25,40,4.0,0.27835051546391754,0.30927835051546393,0.3917525773195876
Japchae,Korean,162.0,8.0,17.0,7.0,4.9,30,15,45,8.0,0.4444444444444444,0.41975308641975306,0.1728395061728395
Authentic Empanada Pastry Dough,Argentinian,116.0,5.0,16.0,3.0,4.7,15,0,45,12.0,0.3879310344827586,0.5517241379310345,0.10344827586206896
Mayonnaise Biscuits,Soul Food,134.0,6.0,17.0,3.0,4.4,10,15,25,12.0,0.40298507462686567,0.5074626865671642,0.08955223880597014
Swedish Klimp,Swedish,263.0,4.0,46.0,10.0,4.6,3,5,8,4.0,0.13688212927756654,0.6996197718631179,0.1520912547528517
Chana Masala (Indian Chickpea Curry),Indian,413.0,23.0,46.0,9.0,4.6,15,15,30,2.0,0.5012106537530266,0.44552058111380144,0.08716707021791767
Machhere Jhol (Bengali Fish Curry),Bangladeshi,367.0,18.0,6.0,45.0,4.6,10,20,30,4.0,0.44141689373297005,0.0653950953678474,0.4904632152588556
Butter Lamb Gravy,Bangladeshi,321.0,22.0,8.0,23.0,4.5,25,35,60,6.0,0.616822429906542,0.09968847352024922,0.2866043613707165
Jajangmyeon (Vegetarian Korean Black Bean Noodles),Korean,315.0,6.0,56.0,10.0,5.0,10,20,30,2.0,0.17142857142857143,0.7111111111111111,0.12698412698412698
Cajun Cashews,Cajun and Creole,483.0,41.0,24.0,11.0,4.0,10,22,32,4.0,0.7639751552795031,0.19875776397515527,0.09109730848861283
Easy Two-Ingredient Naan,Indian,102.0,3.0,16.0,3.0,4.7,10,20,30,8.0,0.2647058823529412,0.6274509803921569,0.11764705882352941
Shadi's One-Pot Turmeric Chicken and Rice,Persian,364.0,2.0,53.0,32.0,3.9,10,50,60,6.0,0.04945054945054945,0.5824175824175825,0.3516483516483517
Polish Reuben Casserole,Polish,628.0,41.0,40.0,26.0,4.2,20,60,80,8.0,0.5875796178343949,0.25477707006369427,0.16560509554140126
Spicy Korean Chicken,Korean,257.0,18.0,2.0,20.0,4.6,15,10,55,4.0,0.6303501945525292,0.0311284046692607,0.311284046692607
Homemade Manti (Traditional Turkish Dumplings),Turkish,560.0,23.0,64.0,23.0,4.6,35,25,90,4.0,0.36964285714285716,0.45714285714285713,0.16428571428571428
Vietnamese Coffee,Vietnamese,158.0,5.0,26.0,3.0,4.0,10,0,10,1.0,0.2848101265822785,0.6582278481012658,0.0759493670886076
Basic Coquito,Puerto Rican,346.0,15.0,36.0,5.0,4.9,5,0,65,14.0,0.3901734104046243,0.4161849710982659,0.057803468208092484
Spanish Omelette,Spanish,252.0,22.0,11.0,5.0,4.6,20,30,50,6.0,0.7857142857142857,0.1746031746031746,0.07936507936507936
Canadian Yellow Split Pea Soup with Ham,Canadian,172.0,0.0,32.0,12.0,4.8,20,190,210,12.0,0.0,0.7441860465116279,0.27906976744186046
Greek Honey Mustard Roast Chicken and Potatoes,Greek,458.0,24.0,27.0,36.0,4.5,15,60,75,12.0,0.47161572052401746,0.23580786026200873,0.314410480349345
Russian Poppy Seed Roll,Russian,448.0,19.0,60.0,12.0,5.0,45,25,160,16.0,0.38169642857142855,0.5357142857142857,0.10714285714285714
Swedish Spareribs,Swedish,379.0,26.0,6.0,30.0,4.5,15,105,120,6.0,0.6174142480211082,0.0633245382585752,0.316622691292876
Easy-Made German Quark,German,91.0,6.0,4.0,2.0,4.7,10,135,190,28.0,0.5934065934065934,0.17582417582417584,0.08791208791208792
Swedish Rice Pudding,Swedish,293.0,8.0,47.0,8.0,4.4,15,85,100,6.0,0.24573378839590443,0.6416382252559727,0.10921501706484642
Easy Swedish Apple Pie,Scandinavian,359.0,18.0,49.0,3.0,4.7,20,40,60,8.0,0.45125348189415043,0.5459610027855153,0.033426183844011144
Tex Mex Meatloaf,Tex-Mex,711.0,57.0,10.0,39.0,4.1,10,60,70,4.0,0.7215189873417721,0.05625879043600562,0.21940928270042195
Greek Potato Salad,Greek,335.0,23.0,28.0,5.0,4.9,15,15,35,6.0,0.6179104477611941,0.33432835820895523,0.05970149253731343
Hawaiian Chicken Pineapple Kabobs,Australian and New Zealander,203.0,4.0,17.0,24.0,4.5,10,15,85,8.0,0.17733990147783252,0.33497536945812806,0.4729064039408867
Authentic Middle Eastern Hummus (Chummus),Israeli,551.0,32.0,51.0,18.0,4.3,20,120,140,8.0,0.5226860254083484,0.3702359346642468,0.1306715063520871
Tarte Tatin,French,351.0,16.0,53.0,2.0,4.8,15,30,50,6.0,0.41025641025641024,0.603988603988604,0.022792022792022793
Pakistani Ground Beef Curry,Pakistani,438.0,34.0,12.0,22.0,4.5,10,55,65,4.0,0.6986301369863014,0.1095890410958904,0.2009132420091324
Austrian Linzer Torte,Austrian,473.0,29.0,48.0,8.0,4.5,30,45,135,12.0,0.5517970401691332,0.4059196617336152,0.06765327695560254
Southern Ham and Brown Beans,Soul Food,273.0,6.0,38.0,17.0,4.6,15,200,280,8.0,0.1978021978021978,0.5567765567765568,0.2490842490842491
Gera's Amish Funny Cake,Amish and Mennonite,343.0,15.0,50.0,5.0,3.6,25,30,55,16.0,0.3935860058309038,0.5830903790087464,0.05830903790087463
Peruvian Alfajores with Manjar Blanco,Peruvian,227.0,8.0,36.0,3.0,3.0,60,40,130,48.0,0.31718061674008813,0.6343612334801763,0.05286343612334802
Brazo Gitano de Guayaba (Jelly Roll with Guava),Puerto Rican,233.0,2.0,52.0,3.0,5.0,20,15,65,10.0,0.07725321888412018,0.8927038626609443,0.05150214592274678
Pasteles with Yuca and Plantains,Puerto Rican,417.0,28.0,31.0,12.0,5.0,55,85,140,24.0,0.60431654676259,0.2973621103117506,0.11510791366906475
Tortilla Española (Spanish Tortilla),Spanish,477.0,32.0,36.0,13.0,4.7,35,45,140,6.0,0.6037735849056604,0.3018867924528302,0.1090146750524109
Australian English Trifle,Australian and New Zealander,157.0,1.0,36.0,3.0,4.2,15,5,45,10.0,0.05732484076433121,0.9171974522292994,0.07643312101910828
Pasta Alla Caponata,Italian,407.0,20.0,50.0,11.0,4.8,20,30,70,4.0,0.44226044226044225,0.4914004914004914,0.10810810810810811
Shrimp and Okra Gumbo,Cajun and Creole,394.0,21.0,18.0,35.0,4.2,15,120,135,6.0,0.4796954314720812,0.18274111675126903,0.3553299492385787
Calabacita con Puerco (Pork with Squash),Tex-Mex,348.0,8.0,62.0,15.0,4.7,10,133,148,8.0,0.20689655172413793,0.7126436781609196,0.1724137931034483
Chef John's Shrimp Étouffée,Cajun and Creole,424.0,15.0,30.0,41.0,4.9,35,20,75,4.0,0.31839622641509435,0.2830188679245283,0.3867924528301887
Dutch Apple Cake,Dutch,193.0,8.0,30.0,2.0,4.6,0,0,0,15.0,0.37305699481865284,0.6217616580310881,0.04145077720207254
Apple Crisp Cups,Canadian,109.0,6.0,13.0,1.0,4.3,45,20,65,48.0,0.4954128440366973,0.47706422018348627,0.03669724770642202
Oven-Baked Kofta Kebabs (Pakistani-Style),Pakistani,341.0,22.0,11.0,23.0,4.0,20,40,60,4.0,0.5806451612903226,0.12903225806451613,0.2697947214076246
Homemade Sushi,Japanese,152.0,4.0,26.0,4.0,4.4,40,25,65,8.0,0.23684210526315788,0.6842105263157895,0.10526315789473684
Vareniki (Pierogi) with Potatoes and Mushrooms,Russian,56.0,1.0,10.0,1.0,5.0,30,35,75,45.0,0.16071428571428573,0.7142857142857143,0.07142857142857142
Korean Spicy Chicken Rice Noodle Bake,Korean,461.0,26.0,21.0,38.0,4.7,30,30,120,6.0,0.5075921908893709,0.1822125813449024,0.3297180043383948
Chef John's Pão de Queijo (Brazilian Cheese Bread),Brazilian,109.0,6.0,11.0,2.0,4.6,10,25,45,24.0,0.4954128440366973,0.4036697247706422,0.07339449541284404
German Wiener Schnitzel,Austrian,435.0,12.0,51.0,27.0,4.6,20,15,35,8.0,0.2482758620689655,0.4689655172413793,0.2482758620689655
Swedish Toscas (Swedish Almond Tarts),Swedish,166.0,10.0,18.0,2.0,4.5,15,10,35,12.0,0.5421686746987951,0.43373493975903615,0.04819277108433735
Steelhead Trout Bake with Dijon Mustard,French,145.0,4.0,3.0,19.0,4.7,10,10,20,4.0,0.2482758620689655,0.08275862068965517,0.5241379310344828
Jamaican Cabbage,Jamaican,121.0,5.0,19.0,3.0,4.6,20,20,40,6.0,0.371900826446281,0.628099173553719,0.09917355371900827
Hawaiian Tarts,Australian and New Zealander,131.0,6.0,18.0,1.0,4.6,0,0,0,36.0,0.4122137404580153,0.549618320610687,0.030534351145038167
Chicken Arroz Caldo (Chicken Rice Porridge),Filipino,294.0,15.0,25.0,16.0,4.8,20,20,40,5.0,0.45918367346938777,0.3401360544217687,0.21768707482993196
Chicken Limone,Italian,487.0,26.0,29.0,39.0,5.0,15,10,25,4.0,0.4804928131416838,0.23819301848049282,0.3203285420944558
Keufels (Original),Amish and Mennonite,138.0,9.0,14.0,2.0,4.3,30,20,50,24.0,0.5869565217391305,0.4057971014492754,0.057971014492753624
Maple Walnut Ice Cream,Canadian,487.0,33.0,46.0,7.0,4.8,30,35,245,8.0,0.6098562628336756,0.37782340862423,0.057494866529774126
Chicken Satay,Thai,162.0,3.0,4.0,29.0,4.6,15,10,145,12.0,0.16666666666666666,0.09876543209876543,0.7160493827160493
Vietnamese Beef Pho,Vietnamese,528.0,14.0,73.0,27.0,4.1,30,65,95,6.0,0.23863636363636365,0.553030303030303,0.20454545454545456
Chicken Tikka Masala,Indian,404.0,29.0,13.0,25.0,4.4,30,50,140,4.0,0.6460396039603961,0.12871287128712872,0.24752475247524752
Best Homemade Marzipan,German,171.0,11.0,17.0,4.0,4.8,10,0,10,12.0,0.5789473684210527,0.39766081871345027,0.0935672514619883
Swedish Chocolate Balls (or Coconut Balls),Scandinavian,90.0,5.0,11.0,1.0,4.7,20,0,140,48.0,0.5,0.4888888888888889,0.044444444444444446
Blini - Russian Pancakes,Russian,522.0,22.0,64.0,16.0,5.0,10,3,13,6.0,0.3793103448275862,0.4904214559386973,0.12260536398467432
Mediterranean Bean Salad,Tex-Mex,329.0,12.0,47.0,12.0,4.6,20,0,140,4.0,0.3282674772036474,0.5714285714285714,0.1458966565349544
Thai Spice Sweet Tea,Thai,149.0,9.0,18.0,1.0,5.0,5,5,80,4.0,0.5436241610738255,0.48322147651006714,0.026845637583892617
Creole Chitterlings (Chitlins),Cajun and Creole,356.0,30.0,6.0,15.0,4.6,30,210,240,20.0,0.7584269662921348,0.06741573033707865,0.16853932584269662
Rosettes,Scandinavian,561.0,59.0,8.0,1.0,4.7,15,90,105,30.0,0.946524064171123,0.0570409982174688,0.0071301247771836
One Pot Chicken Pomodoro,Italian,356.0,8.0,38.0,31.0,4.6,10,20,30,6.0,0.20224719101123595,0.42696629213483145,0.34831460674157305
Dumplings and Cocky's Joy (Caramel Sauce),Australian and New Zealander,556.0,25.0,78.0,7.0,3.3,35,10,45,4.0,0.40467625899280574,0.5611510791366906,0.050359712230215826
Blintz Souffle II,Jewish,410.0,19.0,53.0,14.0,4.7,10,45,55,8.0,0.4170731707317073,0.5170731707317073,0.13658536585365855
Beef Stroganoff with Noodles,Russian,775.0,55.0,36.0,34.0,4.2,20,90,120,6.0,0.6387096774193548,0.18580645161290324,0.17548387096774193
Potato Latkes,Jewish,199.0,11.0,22.0,5.0,4.7,15,20,35,6.0,0.49748743718592964,0.44221105527638194,0.10050251256281408
Spicy Southwestern Slaw,Tex-Mex,202.0,19.0,8.0,1.0,4.4,15,0,90,6.0,0.8465346534653465,0.15841584158415842,0.019801980198019802
Alfajores (Dulce de Leche Sandwich Cookies),Peruvian,175.0,8.0,23.0,2.0,4.1,45,10,85,24.0,0.4114285714285714,0.5257142857142857,0.045714285714285714
Portuguese Egg Tarts,Portuguese,225.0,15.0,20.0,3.0,4.5,45,15,60,12.0,0.6,0.35555555555555557,0.05333333333333334
Cinnamon Noodle Kugel,Jewish,328.0,15.0,38.0,11.0,4.8,15,65,90,16.0,0.4115853658536585,0.4634146341463415,0.13414634146341464
German Beef Rouladen,German,351.0,16.0,5.0,45.0,4.3,20,35,55,8.0,0.41025641025641024,0.05698005698005698,0.5128205128205128
Amish Friendship Bread,Amish and Mennonite,119.0,6.0,16.0,2.0,4.7,10,50,60,16.0,0.453781512605042,0.5378151260504201,0.06722689075630252
Cuban-Style Picadillo,Cuban,471.0,22.0,30.0,26.0,4.6,25,70,95,6.0,0.42038216560509556,0.25477707006369427,0.2208067940552017
Southern Fried Cabbage,Southern Recipes,189.0,14.0,14.0,5.0,4.7,10,10,20,6.0,0.6666666666666666,0.2962962962962963,0.10582010582010581
Copycat Panda Express Orange Chicken,Chinese,726.0,27.0,76.0,45.0,4.5,20,20,40,6.0,0.3347107438016529,0.418732782369146,0.24793388429752067
Instant Pot Haluski with Kielbasa,Polish,401.0,21.0,40.0,15.0,4.8,15,25,45,8.0,0.4713216957605985,0.39900249376558605,0.14962593516209477
Russian Doughnuts,Russian,331.0,16.0,32.0,14.0,4.8,15,15,30,4.0,0.4350453172205438,0.3867069486404834,0.1691842900302115
Manjar (Dulce de Leche) from Scratch,Chilean,85.0,2.0,15.0,2.0,3.9,5,90,95,16.0,0.21176470588235294,0.7058823529411765,0.09411764705882353
Cuban Pork,Cuban,176.0,7.0,2.0,26.0,4.5,15,15,30,4.0,0.35795454545454547,0.045454545454545456,0.5909090909090909
Authentic Polish Pickle Soup (Zupa Orgorkowa),Polish,206.0,11.0,11.0,16.0,4.6,20,85,105,6.0,0.48058252427184467,0.21359223300970873,0.3106796116504854
Cajun Chicken Pasta,Cajun and Creole,935.0,62.0,54.0,44.0,4.8,15,15,30,2.0,0.5967914438502674,0.23101604278074866,0.18823529411764706
Pappardelle with Jammy Onion Ragu,Italian,530.0,17.0,78.0,17.0,3.5,15,50,65,6.0,0.28867924528301886,0.5886792452830188,0.12830188679245283
Guava Cuban Pastry (Pastelito de Guayaba),Cuban,189.0,11.0,22.0,2.0,4.0,20,20,40,18.0,0.5238095238095238,0.4656084656084656,0.042328042328042326
Instant Pot Salsa Chicken,Tex-Mex,300.0,5.0,14.0,46.0,4.8,5,25,50,2.0,0.15,0.18666666666666668,0.6133333333333333
Chicken Singapore Noodles,Malaysian,413.0,18.0,42.0,28.0,4.5,25,10,45,6.0,0.3922518159806295,0.4067796610169492,0.2711864406779661
Pfeffernusse Cookies,German,284.0,6.0,54.0,4.0,4.8,15,15,150,18.0,0.19014084507042253,0.7605633802816901,0.056338028169014086
Vietnamese Golden Chicken Wings,Vietnamese,716.0,51.0,9.0,53.0,3.9,15,30,165,4.0,0.6410614525139665,0.05027932960893855,0.29608938547486036
Pumpkin Soufflé Casserole,South African,241.0,14.0,25.0,5.0,4.7,15,45,60,8.0,0.5228215767634855,0.4149377593360996,0.08298755186721991
Beef Miso Ramen,Japanese,454.0,25.0,13.0,44.0,4.8,10,15,25,2.0,0.4955947136563877,0.1145374449339207,0.3876651982378855
"Velveting Chicken Breast, Chinese Restaurant Style",Chinese,156.0,6.0,2.0,23.0,4.8,10,10,50,4.0,0.34615384615384615,0.05128205128205128,0.5897435897435898
Miso Soup,Japanese,63.0,2.0,5.0,6.0,4.7,5,10,15,4.0,0.2857142857142857,0.31746031746031744,0.38095238095238093
Bulgogi (Korean BBQ),Korean,439.0,18.0,24.0,44.0,4.3,25,10,95,4.0,0.3690205011389522,0.21867881548974943,0.4009111617312073
Escabeche,Spanish,753.0,62.0,12.0,41.0,4.1,15,30,105,4.0,0.7410358565737052,0.06374501992031872,0.21779548472775564
Instant Pot Thai-Style Green Curry Chicken,Thai,427.0,38.0,15.0,27.0,5.0,10,25,40,4.0,0.8009367681498829,0.1405152224824356,0.2529274004683841
Chokladbiskvier (Swedish Chocolate Meringue Cookies),Swedish,185.0,12.0,19.0,2.0,4.5,30,10,95,30.0,0.5837837837837838,0.41081081081081083,0.043243243243243246
Brazilian Collards,Brazilian,269.0,19.0,10.0,15.0,4.6,10,120,130,6.0,0.6356877323420075,0.14869888475836432,0.22304832713754646
Burrito Casserole,Tex-Mex,454.0,26.0,34.0,21.0,5.0,20,30,50,12.0,0.5154185022026432,0.29955947136563876,0.18502202643171806
Sausage Biscuits and Gravy,Soul Food,947.0,60.0,66.0,38.0,4.6,10,20,30,4.0,0.5702217529039071,0.2787750791974657,0.16050686378035903
Quick Whole Wheat Chapati,Indian,127.0,1.0,27.0,5.0,4.8,10,10,20,8.0,0.07086614173228346,0.8503937007874016,0.15748031496062992
Portuguese Braised Chicken,Portuguese,540.0,39.0,3.0,37.0,5.0,15,60,75,10.0,0.65,0.022222222222222223,0.2740740740740741
Kalam Polo (Persian Cabbage and Rice),Persian,681.0,28.0,81.0,27.0,3.7,15,70,115,4.0,0.3700440528634361,0.47577092511013214,0.15859030837004406
Poffertjes (Dutch Mini Pancakes),Dutch,105.0,1.0,19.0,4.0,4.5,5,10,15,12.0,0.08571428571428572,0.7238095238095238,0.1523809523809524
Bierock Casserole,German,674.0,42.0,33.0,37.0,4.1,20,25,45,6.0,0.5608308605341247,0.19584569732937684,0.2195845697329377
Indian Chapati Bread,Indian,110.0,3.0,18.0,3.0,4.7,15,10,30,10.0,0.24545454545454545,0.6545454545454545,0.10909090909090909
Rosenmunnar,Swedish,94.0,5.0,11.0,1.0,4.6,40,15,55,36.0,0.4787234042553192,0.46808510638297873,0.0425531914893617
Ginger Malva Pudding,South African,364.0,15.0,54.0,5.0,4.3,10,40,50,8.0,0.3708791208791209,0.5934065934065934,0.054945054945054944
Kickin' Collard Greens,Southern Recipes,127.0,9.0,8.0,4.0,4.8,10,60,70,6.0,0.6377952755905512,0.25196850393700787,0.12598425196850394
Easy Crispy Vietnamese Shrimp Balls,Vietnamese,297.0,19.0,17.0,15.0,4.0,15,15,65,8.0,0.5757575757575758,0.22895622895622897,0.20202020202020202
Crispy Vegetable Pakoras,Indian,217.0,16.0,16.0,5.0,4.6,20,15,35,6.0,0.663594470046083,0.29493087557603687,0.09216589861751152
Samoan Panikeke,Australian and New Zealander,337.0,11.0,55.0,4.0,4.6,10,30,40,12.0,0.29376854599406527,0.6528189910979229,0.04747774480712166
Portuguese Sweet Bread I,Portuguese,56.0,3.0,7.0,2.0,4.7,5,180,185,12.0,0.48214285714285715,0.5,0.14285714285714285
Rustic Chicken and Dumplin's,Southern Recipes,465.0,29.0,21.0,29.0,4.6,0,0,135,8.0,0.5612903225806452,0.18064516129032257,0.24946236559139784
Roscoe's Chicken Adobo,Filipino,387.0,20.0,18.0,31.0,4.3,10,35,45,6.0,0.46511627906976744,0.18604651162790697,0.32041343669250644
Spicy Noodles - Malay Style,Malaysian,506.0,17.0,77.0,16.0,3.9,15,35,50,4.0,0.30237154150197626,0.6086956521739131,0.12648221343873517
Southern Coleslaw,Southern Recipes,184.0,11.0,20.0,3.0,4.8,20,0,140,8.0,0.5380434782608695,0.43478260869565216,0.06521739130434782
Easy Pavlova,Australian and New Zealander,373.0,22.0,42.0,4.0,4.8,30,60,120,8.0,0.5308310991957105,0.450402144772118,0.04289544235924933
Appeltaart (Dutch Apple Tart),Dutch,445.0,19.0,64.0,6.0,4.6,25,60,85,8.0,0.3842696629213483,0.5752808988764045,0.05393258426966292
Indian Fish Curry,Bangladeshi,338.0,14.0,12.0,42.0,4.6,15,30,75,4.0,0.3727810650887574,0.14201183431952663,0.4970414201183432
Peruvian Lomo Saltado,Peruvian,498.0,27.0,38.0,26.0,4.5,30,40,70,4.0,0.4879518072289157,0.30522088353413657,0.20883534136546184
Pannekaken (Norwegian Pancakes),Norwegian,145.0,4.0,20.0,7.0,4.6,10,5,15,6.0,0.2482758620689655,0.5517241379310345,0.19310344827586207
French Almond Rum Cake,French,426.0,25.0,43.0,8.0,5.0,20,55,115,12.0,0.528169014084507,0.40375586854460094,0.07511737089201878
Chilled Russian Salad Dressing,Russian,138.0,15.0,2.0,0.0,4.6,5,0,5,12.0,0.9782608695652174,0.057971014492753624,0.0
Swedish Limpa Rye Bread,Swedish,273.0,8.0,45.0,7.0,4.5,20,40,215,8.0,0.26373626373626374,0.6593406593406593,0.10256410256410256
The Best Thai Curry-Peanut Sauce,Thai,179.0,16.0,10.0,4.0,4.4,10,10,20,28.0,0.8044692737430168,0.22346368715083798,0.0893854748603352
Jaeger Schnitzel,German,455.0,9.0,54.0,39.0,4.3,30,120,150,8.0,0.17802197802197803,0.4747252747252747,0.34285714285714286
Kraut Bierocks,German,630.0,34.0,55.0,25.0,4.6,45,60,105,10.0,0.4857142857142857,0.3492063492063492,0.15873015873015872
Thai Monkfish Curry,Thai,418.0,34.0,11.0,20.0,4.5,20,20,40,3.0,0.7320574162679426,0.10526315789473684,0.19138755980861244
Amish Cran-Apple Pie,Amish and Mennonite,379.0,19.0,50.0,4.0,3.0,20,40,60,8.0,0.45118733509234826,0.5277044854881267,0.04221635883905013
Boneless Buffalo Wings,Canadian,710.0,47.0,44.0,28.0,4.8,10,20,50,6.0,0.5957746478873239,0.24788732394366197,0.15774647887323945
Brazilian Bom-Bocado (Egg Custard),Brazilian,147.0,7.0,19.0,4.0,4.7,10,10,40,12.0,0.42857142857142855,0.5170068027210885,0.10884353741496598
Choux Pastry,French,78.0,6.0,5.0,2.0,5.0,5,10,15,10.0,0.6923076923076923,0.2564102564102564,0.10256410256410256
Miso and Soy Chilean Sea Bass,Japanese,287.0,4.0,28.0,25.0,4.9,10,10,200,4.0,0.1254355400696864,0.3902439024390244,0.34843205574912894
Japanese-Style Fluffy Pancakes,Japanese,282.0,4.0,52.0,9.0,4.1,5,10,15,4.0,0.1276595744680851,0.7375886524822695,0.1276595744680851
Southern Fried Chicken Livers,Southern Recipes,470.0,29.0,28.0,24.0,4.7,15,15,30,4.0,0.5553191489361702,0.23829787234042554,0.20425531914893616
Amish Peanut Butter,Amish and Mennonite,74.0,3.0,12.0,1.0,4.8,5,0,5,24.0,0.36486486486486486,0.6486486486486487,0.05405405405405406
French Silk Pie Bars,French,405.0,31.0,28.0,5.0,5.0,40,20,300,16.0,0.6888888888888889,0.2765432098765432,0.04938271604938271
Easy Chili Cavatappi,Tex-Mex,395.0,14.0,45.0,23.0,5.0,15,25,40,6.0,0.3189873417721519,0.45569620253164556,0.23291139240506328
Pork and Chicken Adobo,Filipino,551.0,37.0,4.0,49.0,4.0,20,55,195,4.0,0.604355716878403,0.029038112522686024,0.35571687840290384
Chipas (Argentinean Cheese Bread),Argentinian,285.0,11.0,39.0,8.0,4.1,15,10,25,8.0,0.3473684210526316,0.5473684210526316,0.11228070175438597
Chicken In Coconut Sauce,Indonesian,716.0,33.0,76.0,30.0,4.1,15,45,60,4.0,0.41480446927374304,0.4245810055865922,0.16759776536312848
Slow Cooker Tuscan Chicken Meatballs with Gnocchi,Italian,460.0,20.0,39.0,29.0,4.6,25,195,220,6.0,0.391304347826087,0.3391304347826087,0.25217391304347825
Finnish Pulla,Finnish,178.0,4.0,31.0,5.0,4.8,30,30,220,36.0,0.20224719101123595,0.6966292134831461,0.11235955056179775
Texas Sheet Cake,Southern Recipes,256.0,13.0,36.0,2.0,4.7,10,20,30,32.0,0.45703125,0.5625,0.03125
Easy German Apple Streusel Pie,German,365.0,17.0,53.0,4.0,4.5,20,60,85,10.0,0.4191780821917808,0.5808219178082191,0.043835616438356165
Crispy Fried Smelts,Canadian,440.0,19.0,43.0,22.0,4.6,10,10,20,3.0,0.3886363636363636,0.39090909090909093,0.2
South African Traditional Vetkoek (Fried Bread),South African,332.0,6.0,60.0,8.0,4.8,20,5,75,12.0,0.16265060240963855,0.7228915662650602,0.0963855421686747
The Best Lemon Vinaigrette,French,128.0,14.0,2.0,0.0,4.8,10,0,10,8.0,0.984375,0.0625,0.0
Kimchi Jun (Kimchi Pancake) and Dipping Sauce,Korean,199.0,7.0,27.0,7.0,4.4,15,15,30,4.0,0.3165829145728643,0.542713567839196,0.1407035175879397
Lefse II,Norwegian,186.0,1.0,41.0,4.0,3.9,15,45,60,12.0,0.04838709677419355,0.8817204301075269,0.08602150537634409
Mango Gazpacho,Spanish,147.0,5.0,26.0,2.0,4.5,0,0,0,6.0,0.30612244897959184,0.7074829931972789,0.05442176870748299
Easy Chicken Curry,Indian,247.0,11.0,8.0,29.0,3.9,10,30,40,6.0,0.4008097165991903,0.12955465587044535,0.46963562753036436
Ukha (Russian Fish Soup),Russian,127.0,1.0,25.0,8.0,4.3,0,30,30,4.0,0.07086614173228346,0.7874015748031497,0.25196850393700787
Real NY Jewish Rye Bread,Jewish,148.0,5.0,23.0,4.0,4.8,20,35,205,14.0,0.30405405405405406,0.6216216216216216,0.10810810810810811
Cuban Inspired Millet,Cuban,130.0,3.0,23.0,3.0,4.6,20,35,55,8.0,0.2076923076923077,0.7076923076923077,0.09230769230769231
Sweet Potato Pie,Southern Recipes,389.0,21.0,48.0,5.0,4.8,15,100,115,8.0,0.48586118251928023,0.493573264781491,0.05141388174807198
Veggie Lo Mein,Chinese,285.0,11.0,38.0,10.0,4.9,15,15,30,4.0,0.3473684210526316,0.5333333333333333,0.14035087719298245
Muhammara (Roasted Pepper & Walnut Spread),Lebanese,287.0,24.0,10.0,5.0,4.7,15,10,145,6.0,0.7526132404181185,0.13937282229965156,0.06968641114982578
Malaysian Nasi Lemak,Malaysian,578.0,32.0,57.0,20.0,4.7,30,30,60,8.0,0.4982698961937716,0.3944636678200692,0.1384083044982699
Gulab Jamun or Kala Jam (Waffle Balls),Bangladeshi,187.0,5.0,36.0,1.0,5.0,10,17,77,12.0,0.24064171122994651,0.7700534759358288,0.0213903743315508
Sherry Chicken Curry,Malaysian,607.0,38.0,34.0,34.0,4.3,15,30,45,4.0,0.5634266886326195,0.22405271828665568,0.22405271828665568
Dad's New Zealand Mince Stew,Australian and New Zealander,474.0,32.0,25.0,22.0,4.4,45,180,225,8.0,0.6075949367088608,0.2109704641350211,0.18565400843881857
Cuban Shredded Pork,Cuban,202.0,11.0,8.0,19.0,4.4,25,80,135,5.0,0.4900990099009901,0.15841584158415842,0.37623762376237624
Bolo Facil de Fuba Cremoso (Easy Creamy Cornmeal Cake),Brazilian,338.0,5.0,69.0,6.0,2.0,5,45,50,12.0,0.13313609467455623,0.8165680473372781,0.07100591715976332
Vietnamese Beef And Lettuce Curry,Vietnamese,529.0,21.0,57.0,26.0,3.8,15,45,60,4.0,0.3572778827977316,0.43100189035916825,0.19659735349716445
Grilled Asian Chicken,Chinese,217.0,8.0,11.0,26.0,4.5,15,15,45,4.0,0.3317972350230415,0.20276497695852536,0.4792626728110599
"Beet, Walnut and Prune Salad",Russian,296.0,21.0,27.0,4.0,4.6,20,20,40,6.0,0.6385135135135135,0.36486486486486486,0.05405405405405406
Ayam Penyet Pedas (Indonesian Spicy Penyet Chicken),Indonesian,558.0,27.0,46.0,39.0,4.7,30,30,120,2.0,0.43548387096774194,0.32974910394265233,0.27956989247311825
Spicy Sambal Shrimp,Indonesian,624.0,20.0,94.0,20.0,4.3,20,33,73,6.0,0.28846153846153844,0.6025641025641025,0.1282051282051282
Kugel,Jewish,454.0,28.0,37.0,15.0,4.8,30,60,90,10.0,0.5550660792951542,0.32599118942731276,0.13215859030837004
Portuguese Bean Soup II Recipe,Portuguese,573.0,31.0,45.0,29.0,4.5,30,130,160,15.0,0.4869109947643979,0.31413612565445026,0.2024432809773124
Prawn Nasi Goreng,Indonesian,664.0,26.0,68.0,41.0,4.5,20,10,30,2.0,0.35240963855421686,0.40963855421686746,0.2469879518072289
Tex-Mex Beef and Cheese Enchiladas,Tex-Mex,794.0,49.0,40.0,47.0,4.4,5,50,55,6.0,0.5554156171284634,0.20151133501259447,0.2367758186397985
Viennese Crescent Holiday Cookies,Austrian,95.0,5.0,11.0,1.0,4.4,15,10,85,48.0,0.47368421052631576,0.4631578947368421,0.042105263157894736
Fried Empanadas,Chilean,528.0,46.0,21.0,8.0,4.5,50,70,180,24.0,0.7840909090909091,0.1590909090909091,0.06060606060606061
Hawaiian Chocolate Macadamia Nut Tart,Australian and New Zealander,707.0,43.0,82.0,7.0,4.2,10,58,68,10.0,0.5473833097595474,0.4639321074964639,0.039603960396039604
Gehakt Ballen (Dutch Meatballs),Dutch,524.0,37.0,24.0,23.0,4.0,20,65,85,4.0,0.6354961832061069,0.183206106870229,0.17557251908396945
Orange Drop Cookies II,Russian,221.0,9.0,33.0,2.0,4.1,0,0,0,18.0,0.3665158371040724,0.5972850678733032,0.03619909502262444
Thai-Style Ground Pork Skewers,Thai,262.0,16.0,8.0,21.0,4.6,20,15,95,8.0,0.549618320610687,0.12213740458015267,0.32061068702290074
Norwegian Potato Klub,Norwegian,554.0,13.0,94.0,15.0,4.5,30,60,90,6.0,0.2111913357400722,0.6787003610108303,0.10830324909747292
Pacific Cuban Black Beans and Rice,Cuban,559.0,16.0,85.0,20.0,4.9,20,75,95,6.0,0.25760286225402507,0.6082289803220036,0.14311270125223613
Jamaican Jerk Chicken,Jamaican,221.0,6.0,13.0,29.0,4.0,20,30,170,6.0,0.24434389140271492,0.23529411764705882,0.5248868778280543
Oma's Fabulous Matzo Ball Soup,Jewish,448.0,14.0,64.0,17.0,4.2,30,25,55,10.0,0.28125,0.5714285714285714,0.15178571428571427
Danish Rugbrod (Rye Bread) for the Bread Machine,Danish,81.0,1.0,17.0,2.0,3.5,10,180,190,24.0,0.1111111111111111,0.8395061728395061,0.09876543209876543
Tex Mex Stir Fry,Tex-Mex,333.0,16.0,13.0,32.0,4.6,20,15,35,4.0,0.43243243243243246,0.15615615615615616,0.3843843843843844
Pinakbet,Filipino,184.0,10.0,9.0,14.0,4.7,15,30,45,6.0,0.4891304347826087,0.1956521739130435,0.30434782608695654
Shrimp Egg Foo Young,Chinese,227.0,12.0,15.0,15.0,4.6,5,20,25,4.0,0.47577092511013214,0.2643171806167401,0.2643171806167401
Bee Sting Cake (Bienenstich),German,226.0,14.0,20.0,5.0,3.8,30,30,120,16.0,0.5575221238938053,0.35398230088495575,0.08849557522123894
Portuguese Shrimp,Portuguese,147.0,3.0,6.0,20.0,4.8,20,25,45,8.0,0.1836734693877551,0.16326530612244897,0.54421768707483
Air Fryer Turkey Fajitas,Tex-Mex,247.0,7.0,15.0,32.0,4.5,20,30,50,4.0,0.2550607287449393,0.242914979757085,0.5182186234817814
Quick 2-Ingredient Nutella Hotteok (Korean Sweet Pancakes),Korean,308.0,17.0,34.0,5.0,5.0,10,10,20,8.0,0.4967532467532468,0.44155844155844154,0.06493506493506493
Coconut Coconut Milk Cake,Brazilian,241.0,15.0,26.0,3.0,4.8,15,45,60,24.0,0.5601659751037344,0.4315352697095436,0.04979253112033195
Pakistani Lentil Curry,Pakistani,481.0,15.0,62.0,26.0,4.4,15,40,115,2.0,0.2806652806652807,0.5155925155925156,0.21621621621621623
Kheer (Rice Pudding),Indian,513.0,33.0,48.0,11.0,4.7,5,30,35,4.0,0.5789473684210527,0.3742690058479532,0.08576998050682261
Pure Maple Candy,Canadian,113.0,2.0,24.0,1.0,4.5,15,10,65,18.0,0.1592920353982301,0.8495575221238938,0.035398230088495575
Sacher Torte,Austrian,470.0,23.0,63.0,7.0,4.1,60,55,175,12.0,0.44042553191489364,0.5361702127659574,0.059574468085106386
Hachee (Dutch Beef Stew),Dutch,384.0,23.0,25.0,21.0,3.5,10,90,100,4.0,0.5390625,0.2604166666666667,0.21875
Finnish Kropser (Baked Pancakes),Finnish,228.0,9.0,30.0,6.0,4.7,0,0,0,8.0,0.35526315789473684,0.5263157894736842,0.10526315789473684
Mama's Tomato Gravy,Cajun and Creole,86.0,8.0,4.0,1.0,4.7,5,10,15,8.0,0.8372093023255814,0.18604651162790697,0.046511627906976744
Ratatouille,French,251.0,14.0,24.0,13.0,4.6,15,45,60,4.0,0.50199203187251,0.38247011952191234,0.20717131474103587
Crème Fraîche Chicken,French,708.0,43.0,35.0,48.0,4.5,15,30,45,6.0,0.5466101694915254,0.1977401129943503,0.2711864406779661
Vanille Kipferl II,Austrian,109.0,6.0,12.0,2.0,4.4,30,10,85,30.0,0.4954128440366973,0.44036697247706424,0.07339449541284404
Salpicao de Frango (Brazilian Chicken Salad),Brazilian,355.0,19.0,31.0,17.0,4.0,30,0,30,8.0,0.48169014084507045,0.3492957746478873,0.19154929577464788
Russian Mushroom and Potato Soup,Russian,167.0,8.0,21.0,5.0,4.8,15,30,45,12.0,0.4311377245508982,0.5029940119760479,0.11976047904191617
Arvidson Swedish Pancakes,Scandinavian,395.0,17.0,48.0,11.0,4.8,10,10,20,8.0,0.38734177215189874,0.4860759493670886,0.11139240506329114
Down-Home Black-Eyed Peas,Soul Food,435.0,25.0,25.0,28.0,4.8,20,100,180,12.0,0.5172413793103449,0.22988505747126436,0.2574712643678161
Bananas Foster,Southern Recipes,534.0,24.0,73.0,5.0,4.8,5,15,20,4.0,0.4044943820224719,0.5468164794007491,0.03745318352059925
Fast and Easy Israeli Tahini Cookies,Israeli,208.0,12.0,23.0,3.0,4.6,10,10,50,24.0,0.5192307692307693,0.4423076923076923,0.057692307692307696
Turkish Red Lentil Soup with Mint,Turkish,168.0,6.0,24.0,7.0,4.8,10,50,60,6.0,0.32142857142857145,0.5714285714285714,0.16666666666666666
Chap Chee Noodles,Korean,260.0,13.0,27.0,11.0,4.3,35,20,55,4.0,0.45,0.4153846153846154,0.16923076923076924
Quick and Easy Kimchi Salad,Korean,92.0,6.0,10.0,2.0,4.4,10,0,55,6.0,0.5869565217391305,0.43478260869565216,0.08695652173913043
Chicken Massaman Curry,Thai,690.0,41.0,47.0,38.0,4.3,20,35,55,4.0,0.5347826086956522,0.27246376811594203,0.22028985507246376
Easy Chimichurri,Argentinian,70.0,7.0,2.0,0.0,5.0,15,0,135,16.0,0.9,0.11428571428571428,0.0
Cajun Chicken and Sausage Gumbo,Cajun and Creole,480.0,40.0,15.0,16.0,4.7,45,150,195,10.0,0.75,0.125,0.13333333333333333
Vietnamese Lemongrass Meatballs,Vietnamese,306.0,17.0,16.0,22.0,4.6,20,20,40,4.0,0.5,0.20915032679738563,0.2875816993464052
Danish Ebelskiver,Danish,271.0,12.0,32.0,9.0,4.2,20,10,30,7.0,0.3985239852398524,0.47232472324723246,0.13284132841328414
Kung Pao Chicken,Chinese,437.0,23.0,25.0,34.0,4.3,30,30,90,4.0,0.47368421052631576,0.2288329519450801,0.3112128146453089
Indian Saag,Indian,182.0,16.0,8.0,5.0,4.0,30,20,50,6.0,0.7912087912087912,0.17582417582417584,0.10989010989010989
Spicy Tuna Sushi Roll,Japanese,346.0,12.0,47.0,14.0,3.9,40,20,105,4.0,0.31213872832369943,0.5433526011560693,0.16184971098265896
Jemput Jemput (Banana Fritters),Indonesian,491.0,49.0,14.0,1.0,4.1,10,5,15,18.0,0.8981670061099797,0.11405295315682282,0.008146639511201629
Chef John’s Tortilla de Patatas,Spanish,361.0,22.0,33.0,9.0,5.0,15,30,50,6.0,0.5484764542936288,0.3656509695290859,0.0997229916897507
Instant Pot Jamaican Rice and Beans,Jamaican,454.0,13.0,64.0,22.0,4.0,15,27,52,6.0,0.2577092511013216,0.5638766519823789,0.19383259911894274
Ground Cherry Pie II,Amish and Mennonite,214.0,8.0,34.0,2.0,4.4,15,40,55,8.0,0.3364485981308411,0.6355140186915887,0.037383177570093455
Bistek (Filipino Beef Steak),Filipino,445.0,17.0,48.0,26.0,3.0,15,30,75,4.0,0.3438202247191011,0.4314606741573034,0.23370786516853934
Norwegian Cabbage Rolls,Norwegian,316.0,17.0,27.0,16.0,5.0,25,60,95,8.0,0.48417721518987344,0.34177215189873417,0.20253164556962025
Ceviche Peruano,Peruvian,237.0,2.0,29.0,26.0,4.4,30,40,130,8.0,0.0759493670886076,0.48945147679324896,0.4388185654008439
Mongo Guisado (Mung Bean Soup),Filipino,202.0,7.0,22.0,15.0,4.6,20,60,80,6.0,0.3118811881188119,0.43564356435643564,0.297029702970297
Habichuelas Guisadas,Puerto Rican,170.0,5.0,24.0,8.0,4.6,10,20,30,4.0,0.2647058823529412,0.5647058823529412,0.18823529411764706
Nasi Goreng (Indonesian Fried Rice),Indonesian,415.0,10.0,50.0,31.0,4.8,20,40,180,4.0,0.21686746987951808,0.4819277108433735,0.2987951807228916
The Rebbetzin Chef's Persian Walnut Cookies,Persian,66.0,5.0,5.0,1.0,4.2,15,20,45,36.0,0.6818181818181818,0.30303030303030304,0.06060606060606061
Deviled Eggs with Zip,Jamaican,88.0,7.0,1.0,6.0,4.0,15,30,45,12.0,0.7159090909090909,0.045454545454545456,0.2727272727272727
Portzelky (New Year's Cookies),Amish and Mennonite,72.0,2.0,12.0,2.0,4.9,15,20,125,48.0,0.25,0.6666666666666666,0.1111111111111111
Szechuan Beef,Chinese,306.0,21.0,13.0,18.0,3.8,10,10,40,6.0,0.6176470588235294,0.16993464052287582,0.23529411764705882
Chef John’s Chicken Saltimbocca,Italian,468.0,31.0,5.0,42.0,4.9,10,10,50,2.0,0.5961538461538461,0.042735042735042736,0.358974358974359
Easy Paella,Spanish,736.0,35.0,46.0,56.0,4.8,30,30,60,8.0,0.4279891304347826,0.25,0.30434782608695654
Instant Pot Red Thai Curry Chicken,Thai,383.0,22.0,20.0,25.0,4.4,10,15,35,5.0,0.5169712793733682,0.20887728459530025,0.26109660574412535
German Rice,German,716.0,35.0,79.0,19.0,4.5,10,55,65,7.0,0.4399441340782123,0.441340782122905,0.10614525139664804
Dulce de Leche,Argentinian,171.0,2.0,34.0,4.0,4.4,15,60,75,32.0,0.10526315789473684,0.7953216374269005,0.0935672514619883
Beer Sausage,Polish,492.0,31.0,30.0,18.0,4.4,15,45,60,4.0,0.5670731707317073,0.24390243902439024,0.14634146341463414
South African Pumpkin Soup with Banana and Curry,South African,258.0,18.0,27.0,3.0,4.5,20,35,55,6.0,0.627906976744186,0.4186046511627907,0.046511627906976744
Fresh Southern Peach Cobbler,Southern Recipes,562.0,18.0,99.0,4.0,4.8,20,40,60,4.0,0.28825622775800713,0.7046263345195729,0.028469750889679714
Classic Swiss Fondue,Swiss,902.0,49.0,47.0,52.0,5.0,15,15,30,4.0,0.48891352549889133,0.20842572062084258,0.23059866962305986
Babka,Jewish,338.0,20.0,35.0,7.0,4.8,30,35,265,24.0,0.5325443786982249,0.41420118343195267,0.08284023668639054
Beef Stroganoff,Russian,422.0,31.0,5.0,30.0,4.7,15,75,90,8.0,0.6611374407582938,0.04739336492890995,0.2843601895734597
Slow Cooker Asian Zing Chicken Noodles,Chinese,314.0,12.0,21.0,32.0,4.2,5,185,190,6.0,0.34394904458598724,0.267515923566879,0.40764331210191085
Spicy Szechuan Green Beans,Chinese,73.0,3.0,11.0,3.0,4.7,15,10,25,2.0,0.3698630136986301,0.6027397260273972,0.1643835616438356
Chilled Lo Mein Noodles with Szechuan Peppercorns,Chinese,145.0,10.0,10.0,3.0,5.0,10,5,15,6.0,0.6206896551724138,0.27586206896551724,0.08275862068965517
Orange Cardamom Krumkake,Norwegian,79.0,3.0,12.0,1.0,4.7,15,45,60,30.0,0.34177215189873417,0.6075949367088608,0.05063291139240506
A Drama Queen's Pavlova,Australian and New Zealander,207.0,5.0,40.0,3.0,4.4,30,50,80,12.0,0.21739130434782608,0.7729468599033816,0.057971014492753624
Korean Doenjang-Jjigae (Soybean Paste Soup),Korean,59.0,3.0,5.0,5.0,4.8,15,25,40,6.0,0.4576271186440678,0.3389830508474576,0.3389830508474576
Brazilian Collard Greens (Couve a Mineira),Brazilian,129.0,10.0,6.0,5.0,4.0,15,30,45,4.0,0.6976744186046512,0.18604651162790697,0.15503875968992248
Colombian Lentils,Colombian,201.0,5.0,31.0,9.0,4.6,10,50,60,3.0,0.22388059701492538,0.6169154228855721,0.1791044776119403
Thai Peanut Butter Ramen,Thai,503.0,27.0,57.0,15.0,4.3,10,5,15,3.0,0.4831013916500994,0.4532803180914513,0.11928429423459244
Garlic Dill New Potatoes,Canadian,330.0,7.0,62.0,6.0,4.5,10,10,20,5.0,0.19090909090909092,0.7515151515151515,0.07272727272727272
Tex-Mex Ground Beef and Potato Skillet,Tex-Mex,938.0,59.0,65.0,40.0,5.0,10,25,35,5.0,0.5660980810234542,0.2771855010660981,0.17057569296375266
Mofongo,Puerto Rican,726.0,56.0,59.0,6.0,4.8,15,15,30,2.0,0.6942148760330579,0.325068870523416,0.03305785123966942
German Zwiebelkuchen (Onion Pie),German,441.0,26.0,43.0,10.0,4.7,60,60,120,12.0,0.5306122448979592,0.3900226757369615,0.09070294784580499
Quick Vegetarian Picadillo Empanadas,Puerto Rican,382.0,15.0,55.0,11.0,4.0,30,20,50,8.0,0.35340314136125656,0.5759162303664922,0.11518324607329843
Pasta de Sardine,Spanish,350.0,13.0,47.0,15.0,4.1,15,15,35,4.0,0.3342857142857143,0.5371428571428571,0.17142857142857143
Daddy's Shrimp Toast,Chinese,666.0,59.0,18.0,17.0,4.4,35,15,50,8.0,0.7972972972972973,0.10810810810810811,0.1021021021021021
Karioka Sweet Rice Balls,Filipino,414.0,25.0,45.0,4.0,3.8,10,10,30,5.0,0.5434782608695652,0.43478260869565216,0.03864734299516908
Szechwan Shrimp,Chinese,142.0,4.0,7.0,18.0,4.4,10,5,15,4.0,0.2535211267605634,0.19718309859154928,0.5070422535211268
Amish White Bread,Amish and Mennonite,168.0,3.0,31.0,4.0,4.8,20,30,145,24.0,0.16071428571428573,0.7380952380952381,0.09523809523809523
Skillet Chicken Bulgogi,Korean,269.0,12.0,13.0,28.0,4.6,15,15,30,4.0,0.40148698884758366,0.19330855018587362,0.4163568773234201
Sauce Vierge,French,209.0,18.0,11.0,2.0,4.7,15,0,45,4.0,0.7751196172248804,0.21052631578947367,0.03827751196172249
Classic Cuban-Style Picadillo,Cuban,350.0,19.0,24.0,24.0,4.6,10,20,30,4.0,0.48857142857142855,0.2742857142857143,0.2742857142857143
Matar Pulao (Rice with Peas),Pakistani,313.0,5.0,59.0,7.0,4.1,5,25,30,6.0,0.14376996805111822,0.7539936102236422,0.08945686900958466
Swedish Cream Wafers,Scandinavian,130.0,9.0,12.0,1.0,4.6,45,10,115,30.0,0.6230769230769231,0.36923076923076925,0.03076923076923077
Malaysian Beef Rendang,Malaysian,654.0,55.0,25.0,22.0,4.1,30,90,120,6.0,0.7568807339449541,0.1529051987767584,0.1345565749235474
Creamy Israeli-Style Hummus,Israeli,92.0,6.0,9.0,2.0,5.0,10,0,130,8.0,0.5869565217391305,0.391304347826087,0.08695652173913043
Ruthie’s Scandinavian Christmas Cookies,Scandinavian,102.0,7.0,9.0,1.0,5.0,30,15,75,38.0,0.6176470588235294,0.35294117647058826,0.0392156862745098
Moo Goo Gai Pan,Chinese,307.0,10.0,23.0,34.0,4.4,20,15,35,4.0,0.2931596091205212,0.2996742671009772,0.44299674267100975
Vietnamese Chicken Salad,Vietnamese,303.0,18.0,19.0,19.0,4.6,30,0,30,4.0,0.5346534653465347,0.2508250825082508,0.2508250825082508
Refreshing Brazilian Lemonade,Brazilian,145.0,3.0,28.0,3.0,4.8,10,0,10,6.0,0.18620689655172415,0.7724137931034483,0.08275862068965517
Chewy Coconut Bibingka (Filipino Rice Cake),Filipino,304.0,10.0,50.0,4.0,4.4,15,45,80,24.0,0.29605263157894735,0.6578947368421053,0.05263157894736842
Feijoada Nordestino (Northeastern Brazilian Black Bean Stew),Brazilian,467.0,12.0,77.0,12.0,5.0,30,75,110,6.0,0.23126338329764454,0.6595289079229122,0.10278372591006424
3-Ingredient Lemon Scones,Australian and New Zealander,190.0,8.0,26.0,4.0,4.1,10,10,20,12.0,0.37894736842105264,0.5473684210526316,0.08421052631578947
Chef John's Brazilian Fish Stew,Brazilian,399.0,19.0,33.0,26.0,4.9,12,20,32,6.0,0.42857142857142855,0.3308270676691729,0.2606516290726817
Labneh (Lebanese Yogurt),Lebanese,75.0,7.0,1.0,2.0,4.8,10,0,10,12.0,0.84,0.05333333333333334,0.10666666666666667
Sea Bass à la Michele,Spanish,561.0,19.0,51.0,47.0,4.8,15,20,35,2.0,0.3048128342245989,0.36363636363636365,0.33511586452762926
Chilean-Style Sopaipillas,Chilean,286.0,14.0,36.0,5.0,4.8,20,25,60,12.0,0.4405594405594406,0.5034965034965035,0.06993006993006994
Aunt Gun-Marie's Waffles,Swedish,288.0,15.0,31.0,7.0,4.8,15,15,40,6.0,0.46875,0.4305555555555556,0.09722222222222222
Amish Brown Sugar Cake,Amish and Mennonite,254.0,10.0,39.0,3.0,3.0,15,35,50,18.0,0.3543307086614173,0.6141732283464567,0.047244094488188976
Filipino Ribs,Filipino,773.0,59.0,19.0,39.0,4.6,15,105,120,12.0,0.6869340232858991,0.09831824062095731,0.2018111254851229
Greek Turkey Meatballs,Greek,473.0,32.0,13.0,35.0,4.8,20,10,30,4.0,0.6088794926004228,0.10993657505285412,0.2959830866807611
Russian Syrniki,Russian,186.0,7.0,19.0,11.0,3.9,10,8,18,4.0,0.3387096774193548,0.40860215053763443,0.23655913978494625
Pakistani-Style Roast Chicken Thighs,Pakistani,262.0,18.0,6.0,20.0,4.3,15,45,300,8.0,0.6183206106870229,0.0916030534351145,0.3053435114503817
Menemen,Turkish,220.0,16.0,9.0,12.0,4.7,10,15,25,2.0,0.6545454545454545,0.16363636363636364,0.21818181818181817
Creamy Cajun Potato Soup,Cajun and Creole,620.0,43.0,43.0,16.0,5.0,15,30,45,6.0,0.6241935483870967,0.27741935483870966,0.1032258064516129
Fondant Potatoes,French,239.0,11.0,34.0,4.0,4.7,15,40,65,6.0,0.41422594142259417,0.5690376569037657,0.06694560669456066
Scandinavian Almond Bars,Scandinavian,68.0,3.0,10.0,1.0,4.7,10,10,30,48.0,0.39705882352941174,0.5882352941176471,0.058823529411764705
Down Home Chitterlings,Soul Food,312.0,27.0,1.0,17.0,4.7,60,180,240,12.0,0.7788461538461539,0.01282051282051282,0.21794871794871795
Sweet Cornmeal Cake Brazilian-Style,Brazilian,508.0,18.0,79.0,8.0,4.5,10,30,40,8.0,0.3188976377952756,0.6220472440944882,0.06299212598425197
Sesame-Seared Tuna,Japanese,422.0,21.0,13.0,44.0,4.7,10,1,11,4.0,0.44786729857819907,0.12322274881516587,0.41706161137440756
Aunt Louise's Baked Kibbeh,Lebanese,364.0,23.0,16.0,23.0,5.0,30,45,105,8.0,0.5686813186813187,0.17582417582417584,0.25274725274725274
Russian Cabbage Pie,Russian,431.0,30.0,33.0,9.0,5.0,15,70,95,8.0,0.6264501160092807,0.3062645011600928,0.08352668213457076
Jamaican Oxtail with Broad Beans,Jamaican,425.0,22.0,18.0,39.0,4.6,30,45,75,4.0,0.46588235294117647,0.16941176470588235,0.36705882352941177
Swiss Steak Quick and Easy,Swiss,471.0,14.0,58.0,30.0,4.4,20,60,80,6.0,0.267515923566879,0.49256900212314225,0.25477707006369427
Abade Prisco's Pudding,Portuguese,427.0,10.0,77.0,7.0,1.0,30,75,165,8.0,0.2107728337236534,0.7213114754098361,0.06557377049180328
Brazilian Broa (Corn Bread),Brazilian,117.0,3.0,22.0,2.0,3.9,10,10,20,24.0,0.23076923076923078,0.7521367521367521,0.06837606837606838
Ham with Red Eye Gravy,Soul Food,214.0,17.0,1.0,14.0,4.3,10,20,30,4.0,0.7149532710280374,0.018691588785046728,0.2616822429906542
Pork and Black Bean Stew,Brazilian,482.0,27.0,27.0,33.0,4.4,20,40,60,4.0,0.504149377593361,0.22406639004149378,0.27385892116182575
Remoulade Sauce à la New Orleans,Cajun and Creole,359.0,37.0,7.0,1.0,4.7,20,0,20,6.0,0.9275766016713092,0.07799442896935933,0.011142061281337047
Krumkake II,Norwegian,106.0,4.0,15.0,2.0,4.4,0,0,0,18.0,0.33962264150943394,0.5660377358490566,0.07547169811320754
Mojo Shrimp,Cuban,318.0,22.0,12.0,20.0,4.9,30,15,105,4.0,0.6226415094339622,0.1509433962264151,0.25157232704402516
Pierogi Casserole,Polish,626.0,41.0,48.0,19.0,4.2,45,45,90,8.0,0.5894568690095847,0.30670926517571884,0.12140575079872204
Chef John's Picadillo,Cuban,485.0,27.0,26.0,37.0,4.7,10,45,55,4.0,0.5010309278350515,0.21443298969072164,0.30515463917525776
Korean Tofu and Vegetable Soup,Korean,289.0,12.0,25.0,26.0,3.7,20,15,35,4.0,0.3737024221453287,0.3460207612456747,0.35986159169550175
Easy Swedish Meatball Sauce,Scandinavian,393.0,32.0,12.0,15.0,4.4,5,15,20,4.0,0.732824427480916,0.12213740458015267,0.15267175572519084
Sautéed Fiddleheads,Canadian,80.0,7.0,3.0,2.0,4.8,15,15,30,6.0,0.7875,0.15,0.1
Korean-Style Cucumber Salad,Korean,98.0,7.0,8.0,3.0,4.0,20,5,25,2.0,0.6428571428571429,0.32653061224489793,0.12244897959183673
Indian Chicken Curry,Indian,313.0,22.0,14.0,19.0,4.3,20,25,45,4.0,0.6325878594249201,0.17891373801916932,0.24281150159744408
Polish Egg Bread,Polish,413.0,10.0,67.0,13.0,4.6,40,35,225,30.0,0.2179176755447942,0.648910411622276,0.12590799031476999
Easy Red Beans and Rice,Cajun and Creole,289.0,6.0,42.0,16.0,4.4,10,30,40,8.0,0.18685121107266436,0.5813148788927336,0.22145328719723184
Kotlet Schabowy (Polish Breaded Pork Chop),Polish,332.0,22.0,15.0,18.0,4.5,10,10,20,2.0,0.5963855421686747,0.18072289156626506,0.21686746987951808
Argentine Meat Empanadas,Argentinian,498.0,37.0,28.0,15.0,4.2,45,35,80,10.0,0.6686746987951807,0.2248995983935743,0.12048192771084337
Red Salad,Peruvian,230.0,3.0,48.0,5.0,4.3,15,120,135,4.0,0.11739130434782609,0.8347826086956521,0.08695652173913043
Ginger Chicken,Chinese,547.0,20.0,40.0,46.0,4.9,15,30,45,4.0,0.3290676416819013,0.29250457038391225,0.33638025594149906
Southern-Style Banana Split Cake,Southern Recipes,748.0,46.0,79.0,12.0,4.9,30,0,120,12.0,0.553475935828877,0.42245989304812837,0.06417112299465241
Chicken Curry Puffs,Malaysian,424.0,25.0,36.0,14.0,4.5,30,50,90,9.0,0.5306603773584906,0.33962264150943394,0.1320754716981132
Empanadas Salteñas,Argentinian,260.0,14.0,25.0,9.0,5.0,30,40,110,12.0,0.4846153846153846,0.38461538461538464,0.13846153846153847
Celery Herb Stuffing and Savory Chicken,Canadian,599.0,40.0,19.0,40.0,4.0,20,75,95,5.0,0.6010016694490818,0.12687813021702837,0.2671118530884808
My Own Famous Stuffed Grape Leaves,Greek,303.0,19.0,31.0,4.0,4.6,45,75,150,12.0,0.5643564356435643,0.40924092409240925,0.052805280528052806
Russian Chicken Stew with Potatoes and Vegetables,Russian,408.0,6.0,54.0,34.0,4.4,20,26,46,4.0,0.1323529411764706,0.5294117647058824,0.3333333333333333
Gujarati Kadhi,Indian,185.0,9.0,19.0,8.0,3.9,5,20,25,4.0,0.43783783783783786,0.41081081081081083,0.17297297297297298
My Mango Lassi,Indian,228.0,10.0,24.0,12.0,4.7,10,0,10,2.0,0.39473684210526316,0.42105263157894735,0.21052631578947367
South African Bobotie,South African,230.0,13.0,15.0,15.0,4.3,20,70,90,6.0,0.508695652173913,0.2608695652173913,0.2608695652173913
Easy Enchilada Casserole,Tex-Mex,576.0,29.0,47.0,33.0,4.3,10,60,75,9.0,0.453125,0.3263888888888889,0.22916666666666666
Spicy Thai Noodle Salad with Peanut Dressing,Thai,193.0,14.0,14.0,4.0,3.0,20,5,25,6.0,0.6528497409326425,0.29015544041450775,0.08290155440414508
"Cream Puff ""Crack Buns"" (Choux au Craquelin)",Belgian,257.0,16.0,26.0,4.0,4.8,20,30,140,8.0,0.5603112840466926,0.4046692607003891,0.0622568093385214
Tzatziki Sauce,Greek,75.0,4.0,6.0,3.0,4.2,15,0,15,8.0,0.48,0.32,0.16
Korean Fried Chicken Sauce,Korean,50.0,0.0,13.0,1.0,4.6,10,5,45,6.0,0.0,1.04,0.08
Authentic Seafood Paella,Spanish,784.0,20.0,74.0,53.0,4.5,20,35,55,2.0,0.22959183673469388,0.37755102040816324,0.27040816326530615
French Crêpes,French,94.0,4.0,10.0,4.0,4.6,5,25,30,12.0,0.3829787234042553,0.425531914893617,0.1702127659574468
Air Fryer Potato-Apple Latkes,Jewish,178.0,11.0,18.0,3.0,4.0,15,20,35,8.0,0.5561797752808989,0.4044943820224719,0.06741573033707865
Air Fryer Tofu Milanesa,Tex-Mex,244.0,11.0,19.0,18.0,5.0,10,25,35,2.0,0.4057377049180328,0.3114754098360656,0.29508196721311475
Empanada Dough,Filipino,62.0,1.0,11.0,1.0,3.6,20,0,20,24.0,0.14516129032258066,0.7096774193548387,0.06451612903225806
Pumpkin Mochi,Japanese,539.0,21.0,83.0,8.0,4.6,10,60,70,12.0,0.35064935064935066,0.6159554730983302,0.059369202226345084
Vinagrete (Brazilian Tomato Slaw),Brazilian,93.0,7.0,7.0,1.0,4.9,35,0,215,8.0,0.6774193548387096,0.3010752688172043,0.043010752688172046
Abuela's Picadillo,Cuban,378.0,22.0,22.0,24.0,4.8,15,70,85,8.0,0.5238095238095238,0.2328042328042328,0.25396825396825395
Oktoberfest Chicken and Red Cabbage,German,271.0,9.0,24.0,23.0,4.6,20,85,105,8.0,0.2988929889298893,0.35424354243542433,0.33948339483394835
Mojitos by the Pitcher,Cuban,160.0,0.0,20.0,0.0,4.9,10,0,10,6.0,0.0,0.5,0.0
Tembleque,Puerto Rican,470.0,21.0,74.0,2.0,3.0,15,13,163,8.0,0.4021276595744681,0.6297872340425532,0.01702127659574468
Authentic Paella,Spanish,591.0,22.0,54.0,42.0,4.7,50,45,105,8.0,0.3350253807106599,0.36548223350253806,0.28426395939086296
Perfect Pot Stickers,Chinese,439.0,19.0,46.0,20.0,4.7,25,5,60,6.0,0.3895216400911162,0.4191343963553531,0.18223234624145787
Tuscan Pork Tenderloin,French,169.0,5.0,1.0,30.0,4.6,5,20,30,16.0,0.26627218934911245,0.023668639053254437,0.7100591715976331
Pavlova Deluxe,Australian and New Zealander,254.0,14.0,30.0,4.0,4.8,0,0,0,8.0,0.49606299212598426,0.47244094488188976,0.06299212598425197
Wiener Schnitzel,German,515.0,29.0,34.0,29.0,4.8,15,15,90,4.0,0.5067961165048543,0.26407766990291265,0.22524271844660193
Baked Cuban Chicken,Cuban,270.0,13.0,10.0,28.0,4.4,15,50,125,6.0,0.43333333333333335,0.14814814814814814,0.4148148148148148
Malaysian Lady Fingers (Okra),Malaysian,97.0,4.0,9.0,7.0,5.0,20,10,30,4.0,0.3711340206185567,0.3711340206185567,0.28865979381443296
Peruvian Potato-Chicken Salad (Causa Rellena),Peruvian,658.0,49.0,41.0,19.0,5.0,40,25,125,4.0,0.6702127659574468,0.24924012158054712,0.11550151975683891
Coconut Curry Salmon with Broccoli,Thai,522.0,39.0,17.0,29.0,4.8,20,15,35,6.0,0.6724137931034483,0.13026819923371646,0.2222222222222222
Buffalo Shrimp,Cajun and Creole,626.0,32.0,54.0,30.0,4.7,15,10,40,4.0,0.46006389776357826,0.3450479233226837,0.19169329073482427
Turkish Red Lentil 'Bride' Soup,Turkish,442.0,14.0,64.0,19.0,4.7,10,75,85,4.0,0.2850678733031674,0.579185520361991,0.17194570135746606
Chimichurri Roasted Potatoes,Argentinian,291.0,14.0,39.0,5.0,5.0,15,35,55,4.0,0.4329896907216495,0.5360824742268041,0.06872852233676977
Cocada (Brazilian Coconut Sweet),Brazilian,155.0,11.0,14.0,3.0,3.0,5,20,55,20.0,0.6387096774193548,0.36129032258064514,0.07741935483870968
Chinese Pepper Steak,Chinese,312.0,15.0,17.0,26.0,4.6,15,15,30,4.0,0.4326923076923077,0.21794871794871795,0.3333333333333333
Siopao (Filipino Steamed Dumplings),Filipino,346.0,11.0,44.0,16.0,3.3,45,30,115,15.0,0.2861271676300578,0.5086705202312138,0.18497109826589594
Jamaican Jerk Shrimp in Foil,Jamaican,299.0,16.0,15.0,24.0,3.5,15,15,30,4.0,0.4816053511705686,0.20066889632107024,0.3210702341137124
Avocado and Tuna Tapas,Spanish,294.0,18.0,11.0,24.0,4.7,20,0,20,4.0,0.5510204081632653,0.14965986394557823,0.32653061224489793
Thai Hot and Sour Soup,Thai,71.0,2.0,5.0,9.0,4.8,10,15,25,6.0,0.2535211267605634,0.28169014084507044,0.5070422535211268
Cuban Picadillo,Cuban,539.0,28.0,45.0,33.0,4.5,25,30,55,8.0,0.4675324675324675,0.3339517625231911,0.24489795918367346
Oyakodon (Japanese Chicken and Egg Rice Bowl),Japanese,688.0,15.0,98.0,35.0,4.5,10,30,40,4.0,0.19622093023255813,0.5697674418604651,0.20348837209302326
Vietnamese Caramelized Pork,Vietnamese,657.0,35.0,57.0,30.0,4.4,15,20,35,4.0,0.4794520547945205,0.3470319634703196,0.182648401826484
Eggs in Purgatory,Italian,245.0,20.0,10.0,9.0,4.8,5,15,20,2.0,0.7346938775510204,0.16326530612244897,0.1469387755102041
Churrascaria-Style Picanha,Brazilian,143.0,8.0,2.0,16.0,4.9,15,15,60,5.0,0.5034965034965035,0.055944055944055944,0.44755244755244755
Baked Rigatoni,Italian,580.0,26.0,54.0,32.0,4.8,20,60,80,12.0,0.40344827586206894,0.3724137931034483,0.2206896551724138
Instant Pot® Puerto Rican Arroz con Pollo,Puerto Rican,632.0,25.0,66.0,34.0,3.5,10,40,70,8.0,0.3560126582278481,0.4177215189873418,0.21518987341772153
Crispy Chinese Noodles,Chinese,151.0,6.0,20.0,3.0,4.8,5,15,20,8.0,0.3576158940397351,0.5298013245033113,0.07947019867549669
My Chicken Pho Recipe,Vietnamese,521.0,14.0,54.0,50.0,4.4,10,30,40,2.0,0.2418426103646833,0.4145873320537428,0.3838771593090211
Roscoe's Chicken 65,Indian,394.0,14.0,38.0,31.0,4.3,20,5,25,8.0,0.3197969543147208,0.38578680203045684,0.3147208121827411
Easy Hamantaschen,Jewish,247.0,8.0,40.0,4.0,4.4,15,15,30,24.0,0.291497975708502,0.6477732793522267,0.06477732793522267
Korean Soft Tofu Stew (Soon Du Bu Jigae),Korean,242.0,17.0,7.0,20.0,4.1,5,15,20,2.0,0.6322314049586777,0.11570247933884298,0.3305785123966942
Panang Curry with Tofu and Vegetables,Thai,765.0,39.0,91.0,21.0,4.6,20,45,65,4.0,0.4588235294117647,0.47581699346405226,0.10980392156862745
Grandmother's Buttermilk Cornbread,Southern Recipes,284.0,12.0,39.0,5.0,4.8,15,30,45,9.0,0.38028169014084506,0.5492957746478874,0.07042253521126761
Orange Pikelets,Australian and New Zealander,79.0,0.0,18.0,1.0,4.3,10,4,24,8.0,0.0,0.9113924050632911,0.05063291139240506
Jalapeño Jelly,Canadian,109.0,0.0,28.0,0.0,4.8,15,45,60,32.0,0.0,1.0275229357798166,0.0
Amish Buttered Egg Noodles,Amish and Mennonite,260.0,7.0,41.0,9.0,4.8,5,15,50,6.0,0.2423076923076923,0.6307692307692307,0.13846153846153847
Rabbit Fricassee Cuban-Style,Cuban,578.0,22.0,46.0,48.0,4.2,30,45,75,6.0,0.34256055363321797,0.31833910034602075,0.33217993079584773
Lower Fat Amish Macaroni Salad,Amish and Mennonite,228.0,5.0,38.0,7.0,4.6,15,10,175,12.0,0.19736842105263158,0.6666666666666666,0.12280701754385964
"Super-Simple, Super-Spicy Mongolian Beef",Chinese,200.0,12.0,8.0,15.0,4.6,15,10,85,4.0,0.54,0.16,0.3
Brigadeiro Chocolate Delights,Brazilian,97.0,4.0,15.0,2.0,5.0,10,15,85,25.0,0.3711340206185567,0.6185567010309279,0.08247422680412371
Whole Rice and Lentils (Majadara),Israeli,207.0,8.0,29.0,7.0,4.4,15,50,65,8.0,0.34782608695652173,0.5603864734299517,0.13526570048309178
Mamon (Sponge Cakes),Filipino,243.0,9.0,35.0,5.0,4.8,20,40,70,16.0,0.3333333333333333,0.5761316872427984,0.0823045267489712
Semla (Swedish Fat Tuesday Buns),Scandinavian,515.0,28.0,58.0,9.0,5.0,45,15,200,12.0,0.4893203883495146,0.45048543689320386,0.06990291262135923
Fried Matzo,Jewish,485.0,24.0,49.0,19.0,4.6,10,20,30,1.0,0.44536082474226807,0.4041237113402062,0.15670103092783505
Mom's Buttermilk Pancakes,Scandinavian,210.0,8.0,27.0,7.0,4.2,15,15,30,4.0,0.34285714285714286,0.5142857142857142,0.13333333333333333
Sicilian Homemade Ricotta Cheese,Italian,219.0,16.0,12.0,8.0,4.8,10,35,55,20.0,0.6575342465753424,0.2191780821917808,0.1461187214611872
Cabbage and Kielbasa,German,568.0,46.0,22.0,18.0,4.4,15,25,40,6.0,0.7288732394366197,0.15492957746478872,0.1267605633802817
Borscht I,Polish,185.0,9.0,24.0,3.0,4.4,25,60,85,8.0,0.43783783783783786,0.518918918918919,0.06486486486486487
Italian-Style Bruschetta,Canadian,234.0,11.0,29.0,6.0,4.7,15,5,80,8.0,0.4230769230769231,0.49572649572649574,0.10256410256410256
Authentic Miso Soup,Japanese,65.0,3.0,5.0,6.0,4.7,15,10,30,4.0,0.4153846153846154,0.3076923076923077,0.36923076923076925
Sautéed Mushrooms (Quick and Simple),French,194.0,20.0,5.0,2.0,4.4,10,10,20,2.0,0.9278350515463918,0.10309278350515463,0.041237113402061855
Sweet Tea Peaches,Southern Recipes,131.0,0.0,33.0,1.0,5.0,15,10,25,8.0,0.0,1.0076335877862594,0.030534351145038167
Hasty Pudding,German,226.0,7.0,40.0,3.0,4.0,0,0,0,12.0,0.27876106194690264,0.7079646017699115,0.05309734513274336
Foolproof Potato Latkes,Israeli,289.0,13.0,37.0,7.0,4.3,15,25,40,5.0,0.40484429065743943,0.5121107266435986,0.09688581314878893
Sabzi Polo,Persian,575.0,24.0,83.0,12.0,5.0,20,75,95,6.0,0.37565217391304345,0.577391304347826,0.08347826086956522
Ghormeh Sabzi (Persian Herb Stew),Persian,344.0,23.0,19.0,18.0,4.9,45,145,190,6.0,0.6017441860465116,0.22093023255813954,0.20930232558139536
Dragon Fruit Shake,Vietnamese,149.0,1.0,40.0,1.0,4.0,10,0,10,2.0,0.06040268456375839,1.0738255033557047,0.026845637583892617
Japanese Christmas Cake,Japanese,545.0,32.0,56.0,8.0,3.7,25,45,70,10.0,0.5284403669724771,0.41100917431192663,0.05871559633027523
Healthier Swedish Meatballs,Scandinavian,442.0,22.0,25.0,39.0,5.0,20,30,60,4.0,0.4479638009049774,0.22624434389140272,0.35294117647058826
Portuguese Custard Tarts (Pasteis de Nata),Portuguese,210.0,11.0,25.0,4.0,4.8,60,25,240,12.0,0.4714285714285714,0.47619047619047616,0.0761904761904762
Shakshooka,Israeli,176.0,10.0,16.0,9.0,4.1,30,25,55,6.0,0.5113636363636364,0.36363636363636365,0.20454545454545456
Dash's Donair,Canadian,489.0,21.0,50.0,26.0,4.7,30,75,105,4.0,0.38650306748466257,0.40899795501022496,0.21267893660531698
Kabob Koobideh (Persian Ground Meat Kabobs),Persian,260.0,18.0,4.0,21.0,4.4,30,25,85,8.0,0.6230769230769231,0.06153846153846154,0.3230769230769231
Tex-Mex Enchiladas,Tex-Mex,933.0,59.0,69.0,35.0,4.6,15,30,45,5.0,0.5691318327974276,0.2958199356913183,0.15005359056806003
Homemade Tom Yum Soup,Thai,146.0,2.0,18.0,15.0,4.9,20,30,50,6.0,0.1232876712328767,0.4931506849315068,0.410958904109589
Aebleskiver,Danish,63.0,3.0,8.0,2.0,4.7,15,15,30,30.0,0.42857142857142855,0.5079365079365079,0.12698412698412698
Canadian Walleye (Pickerel),Canadian,439.0,16.0,33.0,38.0,4.2,30,15,45,8.0,0.32801822323462415,0.30068337129840544,0.3462414578587699
Shrimp with Broccoli in Garlic Sauce,Chinese,264.0,9.0,15.0,30.0,4.4,15,15,30,4.0,0.3068181818181818,0.22727272727272727,0.45454545454545453
Booyah Chicken,Belgian,664.0,35.0,28.0,56.0,4.6,20,150,170,12.0,0.4743975903614458,0.1686746987951807,0.3373493975903614
Sweet and Sour Red Cabbage,Scandinavian,210.0,12.0,26.0,1.0,4.4,10,15,35,4.0,0.5142857142857142,0.49523809523809526,0.01904761904761905
Best Fried Walleye,Canadian,592.0,31.0,40.0,39.0,4.8,20,15,35,4.0,0.47128378378378377,0.2702702702702703,0.2635135135135135
Yummy Korean-Style Glass Noodles (Japchae),Korean,363.0,11.0,65.0,2.0,4.6,5,5,25,4.0,0.2727272727272727,0.7162534435261708,0.02203856749311295
Baked Oatmeal,Amish and Mennonite,393.0,15.0,59.0,7.0,4.6,10,40,50,8.0,0.3435114503816794,0.6005089058524173,0.07124681933842239
Chef John's Miso Soup,Japanese,80.0,1.0,11.0,7.0,5.0,20,20,80,4.0,0.1125,0.55,0.35
Instant Pot Thai Chicken Soup,Thai,266.0,18.0,17.0,19.0,4.7,20,30,50,6.0,0.6090225563909775,0.2556390977443609,0.2857142857142857
Quick and Easy Paella,Spanish,476.0,19.0,47.0,26.0,4.8,15,55,70,6.0,0.3592436974789916,0.3949579831932773,0.2184873949579832
Bob's Stuffed Banana Peppers,Italian,593.0,43.0,29.0,25.0,4.8,30,90,120,8.0,0.6526138279932546,0.19561551433389546,0.16863406408094436
Brazilian Lemonade,Brazilian,152.0,1.0,36.0,1.0,4.7,10,0,10,4.0,0.05921052631578947,0.9473684210526315,0.02631578947368421
Brazilian Fish Stew,Brazilian,359.0,22.0,16.0,27.0,4.4,20,25,65,6.0,0.5515320334261838,0.17827298050139276,0.3008356545961003
Japanese Agedashi Tofu,Japanese,191.0,13.0,11.0,6.0,4.4,10,5,30,4.0,0.612565445026178,0.23036649214659685,0.1256544502617801
Arayes (Lebanese Crispy Meat Stuffed Pita),Lebanese,553.0,30.0,39.0,31.0,4.8,15,10,85,4.0,0.488245931283906,0.2820976491862568,0.22423146473779385
Puerto Rican Tostones (Fried Plantains),Puerto Rican,136.0,3.0,29.0,1.0,4.6,10,10,20,2.0,0.19852941176470587,0.8529411764705882,0.029411764705882353
Coconut Sauce,Filipino,161.0,8.0,23.0,1.0,3.7,5,20,25,10.0,0.4472049689440994,0.5714285714285714,0.024844720496894408
Fried Cabbage and Egg Noodles,German,690.0,28.0,93.0,19.0,4.5,5,15,20,4.0,0.3652173913043478,0.5391304347826087,0.11014492753623188
Persian Rice with Potato Tahdig,Persian,288.0,5.0,55.0,5.0,5.0,10,35,45,6.0,0.15625,0.7638888888888888,0.06944444444444445
New Year's Day Black-Eyed Peas,Soul Food,120.0,3.0,17.0,6.0,4.4,15,180,195,16.0,0.225,0.5666666666666667,0.2
How to Make Beef Satay,Indonesian,484.0,27.0,19.0,40.0,4.8,15,10,150,4.0,0.5020661157024794,0.15702479338842976,0.3305785123966942
DIY Finnish Lonkero (a.k.a. Long Drink),Finnish,145.0,0.0,18.0,1.0,4.7,5,0,5,1.0,0.0,0.496551724137931,0.027586206896551724
Filipino Chicken Salad,Filipino,225.0,15.0,21.0,3.0,4.3,20,30,80,12.0,0.6,0.37333333333333335,0.05333333333333334
Cuban-Style Mojo Shrimp,Cuban,372.0,25.0,19.0,20.0,4.5,25,10,50,4.0,0.6048387096774194,0.20430107526881722,0.21505376344086022
Greek Chicken Meatballs,Greek,203.0,12.0,4.0,20.0,5.0,20,20,40,12.0,0.5320197044334976,0.07881773399014778,0.39408866995073893
Kentucky Biscuits,Soul Food,154.0,8.0,18.0,3.0,4.6,15,15,30,12.0,0.4675324675324675,0.4675324675324675,0.07792207792207792
Classic Beef Empanadas,Argentinian,393.0,15.0,52.0,15.0,4.8,30,40,90,12.0,0.3435114503816794,0.5292620865139949,0.15267175572519084
Thit Kho (Caramelized Pork Belly),Vietnamese,410.0,26.0,16.0,27.0,4.4,20,75,105,6.0,0.5707317073170731,0.15609756097560976,0.2634146341463415
Kongnamool (Korean Soybean Sprouts),Korean,288.0,23.0,15.0,16.0,4.5,10,5,15,4.0,0.71875,0.20833333333333334,0.2222222222222222
The Right Way to Cook Greens!,Soul Food,217.0,16.0,16.0,7.0,4.4,15,5,20,4.0,0.663594470046083,0.29493087557603687,0.12903225806451613
Pressure Cooker Red Beans and Sausage,Soul Food,299.0,18.0,16.0,17.0,4.7,20,30,70,8.0,0.5418060200668896,0.2140468227424749,0.22742474916387959
Baked Taco Dip,Canadian,317.0,24.0,7.0,19.0,4.8,10,30,40,8.0,0.6813880126182965,0.08832807570977919,0.23974763406940064
Curry Stand Chicken Tikka Masala Sauce,Indian,328.0,23.0,13.0,18.0,4.9,15,65,80,6.0,0.6310975609756098,0.15853658536585366,0.21951219512195122
The Real Mojito,Cuban,203.0,0.0,29.0,0.0,4.8,10,0,10,1.0,0.0,0.5714285714285714,0.0
Portuguese Coconut Cakes (Bolos de Coco),Portuguese,624.0,40.0,64.0,10.0,4.0,10,15,25,3.0,0.5769230769230769,0.41025641025641024,0.0641025641025641
Flavorful Southern Fried Chicken,Soul Food,505.0,19.0,48.0,34.0,4.2,20,20,40,4.0,0.33861386138613864,0.3801980198019802,0.2693069306930693
Easy Creole Okra and Shrimp,Cajun and Creole,205.0,7.0,10.0,26.0,4.6,20,55,75,8.0,0.3073170731707317,0.1951219512195122,0.5073170731707317
Vietnamese Coconut-Caramel Shrimp (Tom Rim),Vietnamese,229.0,9.0,12.0,24.0,5.0,15,15,45,4.0,0.3537117903930131,0.2096069868995633,0.4192139737991266
Brazilian Style Flan (Pudim de Leite Condensado),Brazilian,303.0,7.0,53.0,8.0,4.4,20,55,195,8.0,0.2079207920792079,0.6996699669966997,0.10561056105610561
Sweet Potato Tempura,Japanese,315.0,14.0,36.0,8.0,4.8,20,15,35,4.0,0.4,0.45714285714285713,0.10158730158730159
Anzac Biscuits III,Australian and New Zealander,129.0,7.0,17.0,1.0,4.6,15,15,30,24.0,0.4883720930232558,0.5271317829457365,0.031007751937984496
Paneer,Indian,421.0,18.0,38.0,27.0,4.5,30,20,170,6.0,0.3847980997624703,0.36104513064133015,0.25653206650831356
German Hamburgers (Frikadellen),German,272.0,16.0,9.0,22.0,4.5,20,10,40,4.0,0.5294117647058824,0.1323529411764706,0.3235294117647059
Vatrushka,Russian,213.0,9.0,23.0,9.0,4.7,30,15,235,12.0,0.38028169014084506,0.431924882629108,0.16901408450704225
Instant Pot Lebanese Lentil and Chard Soup,Lebanese,202.0,4.0,33.0,11.0,5.0,20,30,60,8.0,0.1782178217821782,0.6534653465346535,0.21782178217821782
Mango Ceviche,Peruvian,80.0,0.0,20.0,1.0,3.0,20,0,80,6.0,0.0,1.0,0.05
Cheese Bourekas,Israeli,294.0,20.0,20.0,9.0,4.5,30,30,60,12.0,0.6122448979591837,0.272108843537415,0.12244897959183673
Blini (Russian Pancakes),Russian,525.0,26.0,57.0,14.0,4.8,15,30,65,6.0,0.44571428571428573,0.4342857142857143,0.10666666666666667
Argentinean Potato Salad,Argentinian,271.0,18.0,22.0,6.0,4.4,20,25,105,6.0,0.5977859778597786,0.3247232472324723,0.08856088560885608
Vietnamese Grilled Pork Skewers,Vietnamese,201.0,11.0,15.0,11.0,5.0,30,8,98,6.0,0.4925373134328358,0.29850746268656714,0.21890547263681592
Easy Brazilian Spiced Salmon,Brazilian,223.0,11.0,10.0,22.0,4.2,5,15,20,4.0,0.4439461883408072,0.17937219730941703,0.39461883408071746
Traditional Filipino Lumpia,Filipino,168.0,11.0,11.0,7.0,4.8,40,25,70,15.0,0.5892857142857143,0.2619047619047619,0.16666666666666666
Easy Haupia,Australian and New Zealander,52.0,4.0,4.0,0.0,3.7,5,10,135,24.0,0.6923076923076923,0.3076923076923077,0.0
Pakistani Batter-Fried Potatoes,Pakistani,305.0,12.0,43.0,7.0,4.0,15,10,25,8.0,0.3540983606557377,0.5639344262295082,0.09180327868852459
Gefilte Fish,Jewish,513.0,14.0,32.0,62.0,4.5,25,135,170,10.0,0.24561403508771928,0.24951267056530213,0.4834307992202729
Norwegian Butter Sauce (Sandefjordsmor),Norwegian,242.0,26.0,7.0,2.0,4.4,10,17,27,4.0,0.9669421487603306,0.11570247933884298,0.03305785123966942
Mark's Surprise Meatloaf,Tex-Mex,261.0,15.0,13.0,17.0,4.3,15,60,75,8.0,0.5172413793103449,0.19923371647509577,0.26053639846743293
Paneer Tikka Masala,Indian,323.0,23.0,17.0,14.0,4.9,20,40,60,6.0,0.6408668730650154,0.21052631578947367,0.17337461300309598
Pad Thai,Thai,524.0,21.0,59.0,26.0,4.0,10,15,45,6.0,0.3606870229007634,0.45038167938931295,0.1984732824427481
Polish Potato Soup,Polish,343.0,13.0,49.0,9.0,4.6,30,90,120,6.0,0.34110787172011664,0.5714285714285714,0.10495626822157435
Finnish Meatballs (Lihapyorykoita),Finnish,747.0,53.0,36.0,33.0,4.2,20,30,50,4.0,0.6385542168674698,0.1927710843373494,0.17670682730923695
Patacones de Colombia (Fried Plantains),Colombian,105.0,4.0,19.0,1.0,5.0,10,10,20,3.0,0.34285714285714286,0.7238095238095238,0.0380952380952381
Godeungeo Jorim (Korean Braised Mackerel with Radish),Korean,178.0,8.0,14.0,13.0,5.0,20,35,55,4.0,0.4044943820224719,0.3146067415730337,0.29213483146067415
Ottilienkuchen (German Chocolate Sprinkle Cake),German,378.0,24.0,35.0,6.0,5.0,20,60,90,12.0,0.5714285714285714,0.37037037037037035,0.06349206349206349
Korean Hot Wings,Korean,459.0,23.0,39.0,26.0,4.6,15,30,45,6.0,0.45098039215686275,0.33986928104575165,0.22657952069716775
Flapper Pie,Canadian,490.0,22.0,66.0,9.0,4.2,30,30,60,6.0,0.40408163265306124,0.5387755102040817,0.07346938775510205
Vietnamese Lemongrass Beef and Noodles,Vietnamese,411.0,10.0,58.0,25.0,4.8,20,35,85,4.0,0.21897810218978103,0.5644768856447688,0.24330900243309003
Crêpes Suzette,French,322.0,19.0,27.0,5.0,5.0,15,15,45,6.0,0.531055900621118,0.33540372670807456,0.062111801242236024
Best Jambalaya,Cajun and Creole,465.0,20.0,42.0,28.0,4.8,20,45,65,6.0,0.3870967741935484,0.36129032258064514,0.24086021505376345
Shortcut Pierogies,Polish,526.0,28.0,62.0,14.0,5.0,10,20,30,4.0,0.4790874524714829,0.4714828897338403,0.10646387832699619
Chef John's Spanish Garlic Soup (Sopa de Ajo),Spanish,447.0,27.0,34.0,17.0,4.6,15,30,45,4.0,0.5436241610738255,0.3042505592841163,0.15212527964205816
Chicken Bhuna,Indian,183.0,9.0,16.0,12.0,3.9,20,40,60,4.0,0.4426229508196721,0.34972677595628415,0.26229508196721313
Thai Carrot Salad,Thai,183.0,5.0,34.0,4.0,4.7,15,10,85,8.0,0.2459016393442623,0.7431693989071039,0.08743169398907104
General Tso's Chicken,Chinese,634.0,37.0,55.0,24.0,4.8,25,25,50,6.0,0.5252365930599369,0.3470031545741325,0.15141955835962145
Blender Hollandaise Sauce,French,163.0,18.0,1.0,2.0,4.5,5,0,5,6.0,0.9938650306748467,0.024539877300613498,0.049079754601226995
Canary Island Red Mojo Sauce,Spanish,110.0,11.0,3.0,1.0,4.0,10,0,10,20.0,0.9,0.10909090909090909,0.03636363636363636
Buchi,Filipino,243.0,9.0,38.0,2.0,3.8,30,45,75,10.0,0.3333333333333333,0.6255144032921811,0.03292181069958848
Kaiserschmarren – Austrian Torn Pancakes,Austrian,768.0,35.0,86.0,24.0,5.0,0,0,0,1.0,0.41015625,0.4479166666666667,0.125
Authentic Thai Coconut Soup,Thai,314.0,22.0,17.0,15.0,4.6,15,25,40,8.0,0.6305732484076433,0.21656050955414013,0.1910828025477707
Pakistani Lamb Chops,Pakistani,452.0,30.0,20.0,26.0,5.0,10,60,70,6.0,0.5973451327433629,0.17699115044247787,0.23008849557522124
Amish Sugar Cakes,Amish and Mennonite,186.0,8.0,27.0,2.0,4.1,15,12,30,30.0,0.3870967741935484,0.5806451612903226,0.043010752688172046
Russian Beet Salad with Herring,Russian,120.0,8.0,9.0,3.0,4.7,15,40,115,20.0,0.6,0.3,0.1
The Best Thai Coconut Soup,Thai,368.0,33.0,9.0,13.0,4.7,30,30,60,8.0,0.8070652173913043,0.09782608695652174,0.14130434782608695
Thai Red Curry Chicken Soup,Thai,303.0,23.0,17.0,16.0,4.9,15,30,45,6.0,0.6831683168316832,0.22442244224422442,0.21122112211221122
Japanese Ginger Pork,Japanese,289.0,20.0,4.0,19.0,4.5,10,10,80,4.0,0.6228373702422145,0.05536332179930796,0.2629757785467128
Jerk Chicken and Pasta,Jamaican,595.0,25.0,60.0,37.0,4.3,20,25,105,4.0,0.37815126050420167,0.40336134453781514,0.24873949579831933
Cajun Shrimp,Cajun and Creole,166.0,5.0,1.0,28.0,4.7,5,5,10,4.0,0.2710843373493976,0.024096385542168676,0.6746987951807228
Satay Sauce,Indonesian,112.0,10.0,4.0,3.0,4.6,5,5,10,12.0,0.8035714285714286,0.14285714285714285,0.10714285714285714
Portuguese Muffins - Bolo Levedo,Portuguese,287.0,5.0,53.0,7.0,4.7,30,15,180,15.0,0.156794425087108,0.7386759581881533,0.0975609756097561
Erin's Indonesian Chicken,Indonesian,530.0,19.0,58.0,35.0,4.4,15,30,45,4.0,0.32264150943396225,0.4377358490566038,0.2641509433962264
Cheese Rösti,Swiss,531.0,22.0,69.0,16.0,4.1,10,30,40,6.0,0.3728813559322034,0.519774011299435,0.12052730696798493
Instant Pot® Cuban-Style Black Beans,Cuban,234.0,3.0,40.0,14.0,4.4,10,60,85,8.0,0.11538461538461539,0.6837606837606838,0.23931623931623933
Russian Garden Salad,Russian,206.0,16.0,14.0,4.0,4.4,20,0,20,4.0,0.6990291262135923,0.27184466019417475,0.07766990291262135
Japanese-Style Rolled Omelet (Tamagoyaki),Japanese,192.0,14.0,3.0,13.0,4.3,10,10,25,2.0,0.65625,0.0625,0.2708333333333333
Thai Noodles,Thai,571.0,19.0,65.0,37.0,4.4,0,0,0,4.0,0.29947460595446584,0.4553415061295972,0.2591943957968476
Yaki Udon,Japanese,212.0,11.0,23.0,10.0,4.3,0,15,35,4.0,0.4669811320754717,0.4339622641509434,0.18867924528301888
Best Bread Pudding with Vanilla Sauce,Southern Recipes,546.0,17.0,92.0,11.0,4.8,15,60,85,8.0,0.2802197802197802,0.673992673992674,0.08058608058608059
Chicken Biryani,Indian,832.0,35.0,79.0,48.0,4.3,30,80,110,6.0,0.3786057692307692,0.3798076923076923,0.23076923076923078
Vegetable Biryani,Pakistani,458.0,8.0,87.0,10.0,4.5,35,30,65,8.0,0.1572052401746725,0.759825327510917,0.08733624454148471
Rice Cooker Spanish Rice,Spanish,280.0,7.0,48.0,7.0,3.8,15,20,35,8.0,0.225,0.6857142857142857,0.1
Polish Meat and Potatoes,Polish,661.0,45.0,46.0,19.0,4.5,15,35,50,4.0,0.6127080181543116,0.2783661119515885,0.11497730711043873
Coconut (Haupia) and Chocolate Pie,Australian and New Zealander,654.0,43.0,70.0,5.0,4.4,20,25,105,8.0,0.591743119266055,0.42813455657492355,0.03058103975535168
Grilled Chicken Adobo,Filipino,255.0,7.0,11.0,37.0,4.3,15,35,50,8.0,0.24705882352941178,0.17254901960784313,0.5803921568627451
Hawaiian Cake,Australian and New Zealander,566.0,33.0,66.0,6.0,4.2,0,0,0,14.0,0.5247349823321554,0.4664310954063604,0.04240282685512368
Waterzooi (Vaterzoy),Belgian,341.0,24.0,7.0,23.0,4.5,15,60,75,6.0,0.6334310850439883,0.08211143695014662,0.2697947214076246
Hawaiian Apple-Pineapple Crumble,Australian and New Zealander,416.0,5.0,93.0,3.0,4.6,0,0,0,6.0,0.10817307692307693,0.8942307692307693,0.028846153846153848
Donair,Canadian,517.0,15.0,67.0,28.0,3.9,20,145,195,6.0,0.2611218568665377,0.5183752417794971,0.21663442940038685
Pastelon (Puerto Rican Layered Casserole),Puerto Rican,463.0,15.0,70.0,18.0,4.8,25,56,81,8.0,0.2915766738660907,0.6047516198704104,0.15550755939524838
Chef John's Chicken Tikka Masala,Indian,625.0,48.0,19.0,34.0,4.8,25,45,70,4.0,0.6912,0.1216,0.2176
Mom's Potato Latkes,Jewish,371.0,30.0,22.0,6.0,4.8,15,15,30,4.0,0.7277628032345014,0.2371967654986523,0.0646900269541779
Air Fryer Beignets,Cajun and Creole,88.0,2.0,16.0,2.0,3.5,15,15,30,7.0,0.20454545454545456,0.7272727272727273,0.09090909090909091
Rendang Gaging (Beef Stew),Malaysian,367.0,27.0,12.0,20.0,3.2,25,67,92,8.0,0.662125340599455,0.1307901907356948,0.21798365122615804
Black-Eyed Peas and Ham Hocks,Soul Food,516.0,18.0,55.0,35.0,4.4,10,90,100,5.0,0.313953488372093,0.4263565891472868,0.2713178294573643
Buffalo Chicken Chili,Tex-Mex,301.0,9.0,30.0,28.0,4.5,15,75,90,10.0,0.2691029900332226,0.39867109634551495,0.37209302325581395
Filipino Beef Steak,Filipino,638.0,47.0,4.0,48.0,4.6,15,10,85,10.0,0.6630094043887147,0.025078369905956112,0.30094043887147337
Puerto Rican Shepherd Pie (Pastelon),Puerto Rican,439.0,14.0,64.0,20.0,4.3,25,45,70,8.0,0.2870159453302961,0.5831435079726651,0.18223234624145787
Pineapple Upside-Down Cake II,Australian and New Zealander,486.0,25.0,62.0,5.0,4.3,0,0,0,8.0,0.46296296296296297,0.5102880658436214,0.0411522633744856
Sweet Russian Cabbage Soup,Russian,314.0,11.0,28.0,28.0,4.7,15,65,80,8.0,0.31528662420382164,0.35668789808917195,0.35668789808917195
Beef Bulgogi,Korean,232.0,13.0,12.0,16.0,4.8,10,5,75,4.0,0.5043103448275862,0.20689655172413793,0.27586206896551724
Authentic Pad Thai Noodles,Thai,397.0,23.0,40.0,13.0,4.3,30,20,120,4.0,0.5214105793450882,0.40302267002518893,0.1309823677581864
Kale and Cabbage Soup,Portuguese,199.0,8.0,25.0,11.0,4.3,15,45,60,8.0,0.36180904522613067,0.5025125628140703,0.22110552763819097
Spanish Octopus,Spanish,513.0,30.0,15.0,35.0,4.8,10,90,220,2.0,0.5263157894736842,0.11695906432748537,0.2729044834307992
Lefse,Norwegian,147.0,6.0,21.0,3.0,4.4,20,25,75,24.0,0.3673469387755102,0.5714285714285714,0.08163265306122448
Danish Spiced Rye Bread (Sigtebrod),Danish,287.0,6.0,54.0,6.0,4.9,20,35,205,16.0,0.18815331010452963,0.7526132404181185,0.08362369337979095
Australian-Style Pumpkin Scones,Australian and New Zealander,128.0,2.0,26.0,3.0,4.2,15,15,30,12.0,0.140625,0.8125,0.09375
Sfouf (Lebanese Turmeric Cake),Lebanese,283.0,14.0,38.0,3.0,4.5,15,30,50,16.0,0.4452296819787986,0.5371024734982333,0.04240282685512368
Chili Lime Chicken,Tex-Mex,301.0,22.0,3.0,24.0,4.3,10,30,225,8.0,0.6578073089700996,0.03986710963455149,0.31893687707641194
Sharlotka,Russian,231.0,5.0,42.0,6.0,4.3,20,40,60,8.0,0.19480519480519481,0.7272727272727273,0.1038961038961039
Easy Portuguese Bean Soup,Portuguese,265.0,15.0,25.0,10.0,4.4,15,30,45,10.0,0.5094339622641509,0.37735849056603776,0.1509433962264151
Lamb Börek,Turkish,449.0,28.0,24.0,25.0,4.4,45,65,125,8.0,0.5612472160356348,0.21380846325167038,0.22271714922049
Apricot Anzac Biscuits,Australian and New Zealander,219.0,11.0,29.0,3.0,4.0,15,16,31,15.0,0.4520547945205479,0.5296803652968036,0.0547945205479452
Coconut Rum Brazilian Lemonade,Brazilian,169.0,2.0,28.0,2.0,5.0,5,0,5,3.0,0.10650887573964497,0.6627218934911243,0.047337278106508875
Lamb Souvlaki,Greek,346.0,29.0,1.0,19.0,4.9,15,10,205,4.0,0.7543352601156069,0.011560693641618497,0.21965317919075145
Brown Sugar Pie I,Canadian,346.0,9.0,63.0,4.0,4.4,30,30,60,8.0,0.23410404624277456,0.7283236994219653,0.046242774566473986
Joy's Green Banana Salad,Puerto Rican,217.0,7.0,31.0,11.0,4.0,20,30,50,6.0,0.2903225806451613,0.5714285714285714,0.20276497695852536
Toasted Cuban Sandwich,Cuban,696.0,54.0,30.0,24.0,4.5,30,15,105,8.0,0.6982758620689655,0.1724137931034483,0.13793103448275862
"Okra, Corn and Tomatoes",Soul Food,167.0,5.0,28.0,6.0,4.5,0,0,0,6.0,0.2694610778443114,0.6706586826347305,0.1437125748502994
Creamy Cajun Shrimp and Sausage Pasta,Cajun and Creole,408.0,27.0,28.0,15.0,5.0,20,25,45,6.0,0.5955882352941176,0.27450980392156865,0.14705882352941177
Easy Hoppin' John,Soul Food,406.0,17.0,45.0,18.0,4.5,15,30,45,8.0,0.3768472906403941,0.4433497536945813,0.17733990147783252
Bread Machine Swedish Coffee Bread,Swedish,283.0,5.0,53.0,8.0,4.8,15,25,160,8.0,0.15901060070671377,0.7491166077738516,0.11307420494699646
Blackened Tuna,Cajun and Creole,243.0,14.0,1.0,27.0,4.6,10,10,20,6.0,0.5185185185185185,0.01646090534979424,0.4444444444444444
Garlic Prawns,Canadian,231.0,19.0,6.0,10.0,4.5,15,3,78,6.0,0.7402597402597403,0.1038961038961039,0.17316017316017315
Vegan Turkish Red Lentil Soup,Turkish,285.0,6.0,47.0,16.0,4.4,15,40,65,8.0,0.18947368421052632,0.6596491228070176,0.22456140350877193
California Roll,Japanese,445.0,11.0,70.0,15.0,4.4,60,20,110,5.0,0.22247191011235956,0.6292134831460674,0.1348314606741573
Brazilian Cheese Bread (Pao de Queijo),Brazilian,385.0,23.0,40.0,6.0,4.3,10,20,40,6.0,0.5376623376623376,0.4155844155844156,0.06233766233766234
Greek Salad,Greek,265.0,22.0,14.0,6.0,4.6,20,0,20,6.0,0.7471698113207547,0.21132075471698114,0.09056603773584905
Green Chile Chicken Casserole,Tex-Mex,420.0,20.0,27.0,33.0,5.0,30,25,55,8.0,0.42857142857142855,0.2571428571428571,0.3142857142857143
Duck Soup (Czarnina),Polish,712.0,46.0,33.0,43.0,4.4,0,0,0,12.0,0.5814606741573034,0.1853932584269663,0.24157303370786518
Russian Cabbage Rolls with Gravy,Russian,377.0,21.0,27.0,21.0,4.5,40,100,140,8.0,0.5013262599469496,0.2864721485411141,0.22281167108753316
Chicken Katsu,Japanese,297.0,11.0,22.0,31.0,4.7,15,10,25,4.0,0.3333333333333333,0.2962962962962963,0.4175084175084175
Easy Cuban Salad,Cuban,190.0,18.0,8.0,2.0,3.0,15,0,15,8.0,0.8526315789473684,0.16842105263157894,0.042105263157894736
Swedish Tea Ring,Scandinavian,83.0,2.0,16.0,1.0,4.6,45,20,200,24.0,0.21686746987951808,0.7710843373493976,0.04819277108433735
Curried Beef with Winter Vegetables,Pakistani,343.0,18.0,41.0,10.0,4.4,35,90,125,8.0,0.47230320699708456,0.478134110787172,0.11661807580174927
Flavorful Persian Braised Lamb Shanks,Persian,432.0,27.0,13.0,29.0,4.5,20,210,300,4.0,0.5625,0.12037037037037036,0.26851851851851855
Lazy Pierogi,Polish,529.0,29.0,58.0,12.0,3.7,10,80,90,8.0,0.4933837429111531,0.43856332703213613,0.09073724007561437
Hychin,Russian,560.0,22.0,61.0,29.0,5.0,45,60,135,12.0,0.3535714285714286,0.4357142857142857,0.20714285714285716
Lamb (Gosht) Biryani,Indian,544.0,25.0,64.0,17.0,4.9,25,60,85,8.0,0.41360294117647056,0.47058823529411764,0.125
Amish Country Casserole,Amish and Mennonite,551.0,29.0,42.0,31.0,4.3,15,40,55,6.0,0.47368421052631576,0.30490018148820325,0.2250453720508167
Amish Tomato Pie,Amish and Mennonite,469.0,37.0,19.0,17.0,4.8,60,75,210,8.0,0.7100213219616205,0.16204690831556504,0.14498933901918976
Lazy Wonton Soup,Chinese,418.0,21.0,25.0,30.0,4.9,10,30,40,6.0,0.45215311004784686,0.23923444976076555,0.28708133971291866
Amish Buttermilk Pie,Amish and Mennonite,194.0,8.0,28.0,4.0,4.8,20,60,80,12.0,0.3711340206185567,0.5773195876288659,0.08247422680412371
Khoresht Fesenjaan (Chicken with Pomegranate Sauce),Persian,743.0,52.0,49.0,29.0,3.8,20,210,230,12.0,0.629878869448183,0.26379542395693134,0.15612382234185734
Shiraz Salad,Persian,61.0,0.0,15.0,2.0,5.0,20,0,20,2.0,0.0,0.9836065573770492,0.13114754098360656
Peruvian Locro (Butternut Squash),Peruvian,673.0,32.0,79.0,23.0,4.3,15,30,45,6.0,0.4279346210995542,0.46953937592867756,0.13670133729569092
Beijinho de Coco (Coconut Little Kiss),Brazilian,152.0,5.0,24.0,3.0,4.1,30,20,170,10.0,0.29605263157894735,0.631578947368421,0.07894736842105263
Biriyani,Pakistani,395.0,11.0,56.0,16.0,4.2,15,55,70,12.0,0.25063291139240507,0.5670886075949367,0.1620253164556962
Tex-Mex Beef Bowl with Avocado Cilantro Dressing,Tex-Mex,789.0,46.0,73.0,31.0,4.7,30,8,48,2.0,0.5247148288973384,0.3700887198986058,0.15716096324461343
Bjarne's Norwegian Meatballs,Norwegian,351.0,22.0,10.0,26.0,5.0,45,40,90,12.0,0.5641025641025641,0.11396011396011396,0.2962962962962963
Brigadeiro,Brazilian,70.0,2.0,11.0,2.0,4.6,15,10,25,20.0,0.2571428571428571,0.6285714285714286,0.11428571428571428
French Onion Soup Gratinée,French,618.0,36.0,39.0,30.0,4.8,15,60,75,4.0,0.5242718446601942,0.2524271844660194,0.1941747572815534
Miraculous Canadian Sugar Pie,Canadian,331.0,8.0,62.0,4.0,4.5,10,50,120,8.0,0.2175226586102719,0.7492447129909365,0.04833836858006042
Paksiw na Pata (Pig's Feet Stew),Filipino,342.0,21.0,9.0,30.0,4.7,10,70,80,5.0,0.5526315789473685,0.10526315789473684,0.3508771929824561
Scandinavian Sweetheart Waffles,Norwegian,288.0,10.0,42.0,8.0,4.8,20,20,40,5.0,0.3125,0.5833333333333334,0.1111111111111111
Nazook (Sweet Persian Pastry),Persian,336.0,18.0,40.0,4.0,5.0,60,20,220,30.0,0.48214285714285715,0.47619047619047616,0.047619047619047616
Queijadas,Portuguese,148.0,3.0,28.0,3.0,4.5,10,45,55,18.0,0.18243243243243243,0.7567567567567568,0.08108108108108109
Bengali Chicken Curry with Potatoes,Bangladeshi,368.0,10.0,42.0,28.0,4.1,25,60,85,4.0,0.24456521739130435,0.45652173913043476,0.30434782608695654
South African-Inspired Butternut Soup,South African,213.0,8.0,37.0,4.0,4.0,20,70,90,6.0,0.3380281690140845,0.6948356807511737,0.07511737089201878
Amish Friendship Banana Nut Bread,Amish and Mennonite,160.0,7.0,23.0,3.0,4.8,15,75,100,30.0,0.39375,0.575,0.075
Spring Roll Bowl,Vietnamese,574.0,32.0,38.0,38.0,4.8,25,0,25,4.0,0.5017421602787456,0.26480836236933797,0.26480836236933797
Easy Flan,Spanish,292.0,7.0,50.0,9.0,4.4,10,60,70,4.0,0.21575342465753425,0.684931506849315,0.1232876712328767
Vietnamese Spring Rolls With Dipping Sauce,Vietnamese,137.0,1.0,23.0,10.0,4.6,20,5,85,4.0,0.06569343065693431,0.6715328467153284,0.291970802919708
Sex-in-a-Pan,Canadian,251.0,16.0,25.0,3.0,4.2,25,25,140,25.0,0.5737051792828686,0.398406374501992,0.04780876494023904
Empanadas,Spanish,226.0,10.0,32.0,2.0,4.6,0,0,0,12.0,0.39823008849557523,0.5663716814159292,0.035398230088495575
CindyD's Somewhat Southern Fried Chicken,Soul Food,661.0,35.0,37.0,48.0,4.4,15,30,45,4.0,0.47655068078668683,0.22390317700453857,0.29046898638426627
Easy Chimichurri Sauce,Argentinian,167.0,17.0,3.0,1.0,5.0,15,0,90,10.0,0.9161676646706587,0.0718562874251497,0.023952095808383235
Spanakopita (Greek Spinach Pie),Greek,494.0,35.0,32.0,18.0,4.6,30,40,70,6.0,0.6376518218623481,0.2591093117408907,0.145748987854251
Copycat Wingstop Cajun Corn,Cajun and Creole,185.0,16.0,12.0,2.0,4.7,10,15,25,8.0,0.7783783783783784,0.2594594594594595,0.043243243243243246
Creamy Tuscan White Bean Skillet,Italian,603.0,20.0,81.0,34.0,4.9,10,15,25,4.0,0.29850746268656714,0.5373134328358209,0.22553897180762852
Beef Empanadas,Argentinian,535.0,22.0,66.0,23.0,4.5,45,40,145,12.0,0.37009345794392523,0.4934579439252336,0.17196261682242991
Chicken Fried Rice,Chinese,255.0,10.0,26.0,14.0,4.5,5,10,15,4.0,0.35294117647058826,0.40784313725490196,0.2196078431372549
Ash-e-jow (Iranian/Persian Barley Soup),Persian,193.0,7.0,28.0,6.0,4.4,10,120,130,8.0,0.32642487046632124,0.5803108808290155,0.12435233160621761
Portuguese Chourico Stew,Portuguese,336.0,22.0,21.0,14.0,4.5,15,60,75,6.0,0.5892857142857143,0.25,0.16666666666666666
The Best Classic Beef Stroganoff,Russian,447.0,36.0,12.0,19.0,4.5,30,40,70,6.0,0.7248322147651006,0.10738255033557047,0.17002237136465326
Arepas de Queso,Colombian,127.0,7.0,12.0,5.0,4.6,15,30,55,14.0,0.49606299212598426,0.3779527559055118,0.15748031496062992
Golden Butter Rice,Indian,161.0,12.0,13.0,1.0,4.8,5,20,35,8.0,0.6708074534161491,0.32298136645962733,0.024844720496894408
German Pork Chops and Sauerkraut,German,363.0,10.0,39.0,29.0,4.5,15,55,70,8.0,0.24793388429752067,0.4297520661157025,0.31955922865013775
Provencal White Beans,French,219.0,10.0,25.0,9.0,5.0,10,40,50,8.0,0.410958904109589,0.45662100456621,0.1643835616438356
Southern Grits Casserole,Soul Food,403.0,30.0,17.0,17.0,4.5,15,50,65,16.0,0.6699751861042184,0.1687344913151365,0.1687344913151365
Spinach Quiche with Chicken,Tex-Mex,352.0,28.0,13.0,12.0,4.8,20,35,70,8.0,0.7159090909090909,0.14772727272727273,0.13636363636363635
Avocado-Lime Shrimp Salad (Ensalada de Camarones con Aguacate y Limon),Cuban,301.0,17.0,19.0,23.0,4.6,25,0,25,6.0,0.5083056478405316,0.25249169435215946,0.30564784053156147
Blinis,Russian,269.0,14.0,21.0,14.0,4.0,10,32,57,8.0,0.4684014869888476,0.31226765799256506,0.20817843866171004
Panang Curry with Chicken,Thai,596.0,51.0,19.0,22.0,4.7,15,20,35,4.0,0.7701342281879194,0.12751677852348994,0.1476510067114094
Wasabi Shrimp Sushi Cups,Japanese,92.0,4.0,9.0,5.0,5.0,10,20,50,8.0,0.391304347826087,0.391304347826087,0.21739130434782608
Garlic Chicken Fried Chicken,Soul Food,391.0,11.0,37.0,33.0,4.6,20,15,35,4.0,0.2531969309462916,0.37851662404092073,0.3375959079283887
"Chard Lentil Soup, Lebanese-Style",Lebanese,361.0,14.0,51.0,11.0,4.4,15,35,50,8.0,0.3490304709141274,0.5650969529085873,0.12188365650969529
Southern Grilled BBQ Ribs,Southern Recipes,519.0,36.0,25.0,25.0,4.9,15,85,100,8.0,0.6242774566473989,0.1926782273603083,0.1926782273603083
Cuban Chicken Sandwich,Cuban,661.0,19.0,64.0,54.0,5.0,15,10,145,4.0,0.2586989409984871,0.38729198184568836,0.3267776096822995
Louisiana Crawfish Boil,Cajun and Creole,541.0,22.0,38.0,51.0,4.8,30,60,90,10.0,0.3659889094269871,0.2809611829944547,0.37707948243992606
Red Lentil Curry,Indian,192.0,3.0,33.0,12.0,4.5,10,40,50,8.0,0.140625,0.6875,0.25
Pan de Queso (Brazilian Cheese Buns),Brazilian,69.0,4.0,8.0,2.0,4.5,20,25,55,24.0,0.5217391304347826,0.463768115942029,0.11594202898550725
Cuban-Style Yuca,Cuban,268.0,9.0,43.0,6.0,4.4,10,15,25,6.0,0.30223880597014924,0.6417910447761194,0.08955223880597014
Chef John's Chimichurri Sauce,Argentinian,255.0,27.0,3.0,1.0,4.8,15,0,15,4.0,0.9529411764705882,0.047058823529411764,0.01568627450980392
Chinese Broccoli,Chinese,101.0,4.0,15.0,1.0,4.3,10,10,20,4.0,0.3564356435643564,0.594059405940594,0.039603960396039604
Beef Stroganoff with Ground Beef,Russian,495.0,38.0,14.0,24.0,4.2,10,20,30,4.0,0.6909090909090909,0.11313131313131314,0.19393939393939394
Keema Aloo (Ground Beef and Potatoes),Indian,362.0,18.0,23.0,26.0,4.6,20,55,80,8.0,0.44751381215469616,0.2541436464088398,0.287292817679558
Stroopwaffels I,Dutch,602.0,32.0,75.0,6.0,4.9,0,0,0,12.0,0.47840531561461797,0.4983388704318937,0.03986710963455149
Perfect Sushi Rice,Japanese,112.0,1.0,24.0,2.0,4.4,5,20,25,15.0,0.08035714285714286,0.8571428571428571,0.07142857142857142
Cilantro and Garlic Potatoes,Lebanese,250.0,12.0,33.0,4.0,4.2,10,20,30,8.0,0.432,0.528,0.064
Malaysian Barbecue Chicken Wings,Malaysian,755.0,54.0,7.0,58.0,4.4,0,0,0,2.0,0.6437086092715232,0.03708609271523179,0.3072847682119205
Bûche de Noël,French,276.0,18.0,28.0,5.0,4.7,45,15,90,12.0,0.5869565217391305,0.4057971014492754,0.07246376811594203
Country Ham and Biscuits,Southern Recipes,656.0,40.0,57.0,16.0,5.0,0,0,45,6.0,0.5487804878048781,0.3475609756097561,0.0975609756097561
Polish Cabbage Noodles,Polish,570.0,23.0,79.0,16.0,4.5,0,0,0,5.0,0.3631578947368421,0.5543859649122806,0.11228070175438597
Omelet in a Bag,French,484.0,34.0,8.0,38.0,4.5,10,20,30,1.0,0.6322314049586777,0.06611570247933884,0.3140495867768595
Portuguese Sausage Soup,Portuguese,448.0,27.0,32.0,21.0,5.0,15,30,45,8.0,0.5424107142857143,0.2857142857142857,0.1875
Norwegian Potato Flatbread (Lefse),Norwegian,139.0,5.0,21.0,3.0,4.9,20,95,295,8.0,0.3237410071942446,0.60431654676259,0.08633093525179857
Teriyaki Rib Eye Steaks,Japanese,297.0,18.0,14.0,20.0,4.6,10,15,145,2.0,0.5454545454545454,0.18855218855218855,0.26936026936026936
Jamaican Fried Dumplings,Jamaican,472.0,20.0,64.0,9.0,4.3,10,10,20,6.0,0.3813559322033898,0.5423728813559322,0.07627118644067797
Apple Matzo Kugel,Jewish,240.0,9.0,38.0,4.0,4.7,10,45,60,8.0,0.3375,0.6333333333333333,0.06666666666666667
Quick Chinese-Style Vermicelli (Rice Noodles),Chinese,271.0,7.0,48.0,2.0,4.1,5,10,15,4.0,0.23247232472324722,0.7084870848708487,0.02952029520295203
Zimbabwean Chicken and Vegetable Soup,South African,266.0,15.0,24.0,12.0,4.7,30,90,120,6.0,0.5075187969924813,0.3609022556390977,0.18045112781954886
Swedish Ground Almond Spritz Cookies,Swedish,84.0,5.0,9.0,1.0,4.2,45,35,80,48.0,0.5357142857142857,0.42857142857142855,0.047619047619047616
Green Beans in Seasoned Tomato Sauce,Lebanese,72.0,4.0,10.0,2.0,3.3,15,35,50,8.0,0.5,0.5555555555555556,0.1111111111111111
Jag (Portuguese Rice and Beans),Portuguese,562.0,34.0,45.0,19.0,4.8,15,35,50,8.0,0.5444839857651246,0.3202846975088968,0.13523131672597866
Anzac Biscuits (Australian Coconut-Oat Cookies),Australian and New Zealander,222.0,10.0,33.0,2.0,4.6,20,20,40,12.0,0.40540540540540543,0.5945945945945946,0.036036036036036036
My Big Fat Greek Salad,Greek,352.0,32.0,13.0,6.0,4.9,20,0,70,4.0,0.8181818181818182,0.14772727272727273,0.06818181818181818
Filipino-Style Congee (Lugaw),Filipino,552.0,15.0,80.0,22.0,4.0,25,51,76,4.0,0.24456521739130435,0.5797101449275363,0.15942028985507245
Pani PoPo,Australian and New Zealander,221.0,9.0,33.0,4.0,5.0,5,20,60,12.0,0.3665158371040724,0.5972850678733032,0.07239819004524888
Japanese-Style Ginger Salad Dressing,Japanese,170.0,18.0,3.0,1.0,4.2,5,0,5,12.0,0.9529411764705882,0.07058823529411765,0.023529411764705882
Sweet Potato Latkes,Jewish,217.0,5.0,37.0,8.0,4.6,15,20,35,4.0,0.2073732718894009,0.6820276497695853,0.14746543778801843
Laura's Famous Aebleskiver,Danish,330.0,5.0,54.0,15.0,4.6,10,5,15,4.0,0.13636363636363635,0.6545454545454545,0.18181818181818182
Ground Beef Stroganoff Casserole,Russian,298.0,11.0,29.0,18.0,4.4,15,50,65,8.0,0.33221476510067116,0.38926174496644295,0.24161073825503357
The Best Thai Peanut Sauce,Thai,160.0,14.0,6.0,7.0,3.9,15,0,15,16.0,0.7875,0.15,0.175
Authentic Filipino Pancit,Filipino,390.0,17.0,42.0,17.0,5.0,15,45,60,6.0,0.3923076923076923,0.4307692307692308,0.17435897435897435
Quick Banana Nut Cake,Amish and Mennonite,273.0,12.0,38.0,4.0,3.0,15,30,45,12.0,0.3956043956043956,0.5567765567765568,0.05860805860805861
Kielbasa and Cabbage,Polish,343.0,27.0,12.0,14.0,4.6,10,30,40,6.0,0.7084548104956269,0.13994169096209913,0.16326530612244897
Authentic Chicken Empanadas (Empanadas de Pollo),Puerto Rican,280.0,14.0,25.0,13.0,4.3,35,35,70,12.0,0.45,0.35714285714285715,0.18571428571428572
Brazilian Chicken with Coconut Milk,Brazilian,345.0,20.0,12.0,29.0,4.3,15,30,45,4.0,0.5217391304347826,0.1391304347826087,0.336231884057971
Vietnamese Fresh Spring Rolls,Vietnamese,82.0,1.0,16.0,3.0,4.7,45,5,50,8.0,0.10975609756097561,0.7804878048780488,0.14634146341463414
Chicken Madras,Indian,423.0,22.0,18.0,38.0,4.7,20,40,60,4.0,0.46808510638297873,0.1702127659574468,0.35933806146572106
Indian Summer Raspberry Peach Sangria,Spanish,175.0,0.0,22.0,1.0,5.0,10,0,10,8.0,0.0,0.5028571428571429,0.022857142857142857
Sinigang na Baka,Filipino,304.0,20.0,15.0,18.0,4.6,15,45,60,6.0,0.5921052631578947,0.19736842105263158,0.23684210526315788
Ratatouille Bake,French,188.0,8.0,22.0,10.0,4.6,15,45,60,6.0,0.3829787234042553,0.46808510638297873,0.2127659574468085
Bistro-Style Steak,French,800.0,60.0,3.0,53.0,4.0,10,15,170,2.0,0.675,0.015,0.265
Pork Lo Mein,Chinese,415.0,11.0,55.0,26.0,4.5,15,15,30,4.0,0.2385542168674699,0.5301204819277109,0.25060240963855424
Maja Blanca,Filipino,289.0,24.0,21.0,3.0,5.0,15,30,165,12.0,0.7474048442906575,0.2906574394463668,0.04152249134948097
French Apple Cake,French,287.0,13.0,38.0,3.0,4.9,30,45,105,8.0,0.4076655052264808,0.5296167247386759,0.041811846689895474
Jerk Chicken Pizza,Jamaican,358.0,17.0,30.0,23.0,4.3,20,40,60,6.0,0.4273743016759777,0.33519553072625696,0.2569832402234637
Quindim,Brazilian,187.0,7.0,30.0,2.0,4.0,10,30,70,8.0,0.33689839572192515,0.6417112299465241,0.0427807486631016
Milk Flitcher Pie,Amish and Mennonite,358.0,11.0,63.0,3.0,4.1,5,30,35,8.0,0.276536312849162,0.7039106145251397,0.0335195530726257
Solianka (Russian Beef Soup),Russian,478.0,30.0,27.0,25.0,4.8,25,40,85,6.0,0.5648535564853556,0.22594142259414227,0.20920502092050208
Swedish Nuts,Swedish,298.0,26.0,17.0,3.0,4.7,15,30,45,16.0,0.785234899328859,0.22818791946308725,0.040268456375838924
Broa (Portuguese Cornbread),Portuguese,257.0,4.0,47.0,7.0,3.2,15,35,260,10.0,0.14007782101167315,0.7315175097276264,0.10894941634241245
Air Fryer Spanakopita,Greek,118.0,7.0,11.0,4.0,4.3,40,15,55,24.0,0.5338983050847458,0.3728813559322034,0.13559322033898305
Moist Herman Coffee Cake,Amish and Mennonite,204.0,10.0,27.0,2.0,3.7,0,0,0,36.0,0.4411764705882353,0.5294117647058824,0.0392156862745098
Matzoh Ball Soup,Jewish,583.0,39.0,10.0,45.0,4.1,40,210,270,8.0,0.6020583190394511,0.0686106346483705,0.30874785591766724
Moussaka,Greek,567.0,39.0,29.0,24.0,4.6,45,60,105,8.0,0.6190476190476191,0.20458553791887124,0.1693121693121693
Swedish Meatballs with Creamy Dill Sauce,Scandinavian,417.0,28.0,14.0,26.0,4.5,25,25,60,6.0,0.60431654676259,0.1342925659472422,0.24940047961630696
Thai Fried Rice with Pineapple and Chicken,Thai,267.0,10.0,30.0,13.0,4.3,10,20,30,6.0,0.33707865168539325,0.449438202247191,0.1947565543071161
Rollkuchen (Mennonite Fritters),Amish and Mennonite,80.0,4.0,9.0,2.0,4.1,15,15,30,16.0,0.45,0.45,0.1
Instant Pot Galbi (Korean-Style Short Ribs),Korean,657.0,47.0,31.0,25.0,4.4,20,55,145,6.0,0.6438356164383562,0.1887366818873668,0.15220700152207
Bánh Xèo (Vietnamese Crêpes),Vietnamese,788.0,22.0,107.0,45.0,4.2,20,10,30,4.0,0.2512690355329949,0.5431472081218274,0.22842639593908629
Mixed Vegetable Curry,Indian,244.0,10.0,34.0,6.0,5.0,15,40,55,4.0,0.36885245901639346,0.5573770491803278,0.09836065573770492
Nanaimo Bars,Canadian,311.0,20.0,34.0,3.0,4.7,30,0,30,16.0,0.5787781350482315,0.43729903536977494,0.03858520900321544
General Tao Chicken,Chinese,522.0,27.0,35.0,35.0,4.4,25,25,50,6.0,0.46551724137931033,0.2681992337164751,0.2681992337164751
Perfect Mixed Greens,Soul Food,174.0,11.0,17.0,6.0,4.3,20,45,75,12.0,0.5689655172413793,0.39080459770114945,0.13793103448275862
Kaiserschmarrn,Austrian,507.0,16.0,70.0,14.0,4.6,45,15,60,4.0,0.28402366863905326,0.5522682445759369,0.11045364891518737
Korean-Style Salad Dressing,Korean,66.0,5.0,4.0,1.0,4.6,5,0,5,8.0,0.6818181818181818,0.24242424242424243,0.06060606060606061
Russian Cheese Salad,Russian,134.0,10.0,2.0,10.0,4.5,5,0,5,8.0,0.6716417910447762,0.05970149253731343,0.29850746268656714
Amish Bread,Amish and Mennonite,58.0,5.0,4.0,0.0,4.7,5,55,300,12.0,0.7758620689655172,0.27586206896551724,0.0
Roasted Okra,Soul Food,65.0,5.0,6.0,2.0,4.7,5,10,15,3.0,0.6923076923076923,0.36923076923076925,0.12307692307692308
Chakalaka,South African,101.0,4.0,16.0,3.0,4.0,15,20,35,4.0,0.3564356435643564,0.6336633663366337,0.1188118811881188
Mexican Layered Dip,Tex-Mex,195.0,13.0,13.0,7.0,4.7,10,0,130,10.0,0.6,0.26666666666666666,0.14358974358974358
Prawn Malai Curry,Bangladeshi,343.0,21.0,14.0,25.0,4.5,20,20,40,4.0,0.5510204081632653,0.16326530612244897,0.2915451895043732
Indian Style Basmati Rice,Indian,216.0,5.0,39.0,4.0,4.7,0,35,50,6.0,0.20833333333333334,0.7222222222222222,0.07407407407407407
Gajar Ka Halwa (Carrot Halwa),Indian,459.0,14.0,80.0,9.0,5.0,10,90,100,8.0,0.27450980392156865,0.6971677559912854,0.0784313725490196
Authentic Greek Moussaka,Greek,617.0,44.0,33.0,26.0,4.7,30,95,170,8.0,0.6418152350081038,0.21393841166936792,0.1685575364667747
Mild Coconut Tofu Curry,Malaysian,700.0,49.0,45.0,31.0,3.8,15,30,45,4.0,0.63,0.2571428571428571,0.17714285714285713
Authentic Chicken Tikka Masala,Indian,403.0,25.0,21.0,27.0,4.7,35,55,210,4.0,0.5583126550868487,0.20843672456575682,0.2679900744416873
Pakistani Chapli Kebab,Pakistani,312.0,21.0,8.0,22.0,4.5,30,10,40,4.0,0.6057692307692307,0.10256410256410256,0.28205128205128205
Cap Cai,Indonesian,250.0,12.0,19.0,19.0,4.3,20,25,45,4.0,0.432,0.304,0.304
Air Fryer Spanish Tortilla,Spanish,222.0,12.0,17.0,12.0,5.0,10,40,50,4.0,0.4864864864864865,0.3063063063063063,0.21621621621621623
Beef and Cabbage (Lazy Golumpki),Polish,287.0,10.0,37.0,14.0,4.4,15,80,95,8.0,0.313588850174216,0.5156794425087108,0.1951219512195122
Chi Chi Dango,Japanese,125.0,3.0,25.0,1.0,4.7,15,60,105,36.0,0.216,0.8,0.032
Vegan Turkish Baked Eggplant,Turkish,257.0,19.0,22.0,5.0,4.5,20,40,90,4.0,0.6653696498054474,0.3424124513618677,0.07782101167315175
Crawfish Salad,Cajun and Creole,171.0,6.0,9.0,19.0,4.0,15,0,15,4.0,0.3157894736842105,0.21052631578947367,0.4444444444444444
California Style Israeli Salad,Israeli,100.0,7.0,9.0,2.0,4.3,15,0,15,6.0,0.63,0.36,0.08
Red Wine Reduction Sauce,French,152.0,10.0,4.0,1.0,4.4,5,15,20,4.0,0.5921052631578947,0.10526315789473684,0.02631578947368421
Chef John's Chicken Lazone,Cajun and Creole,411.0,25.0,6.0,39.0,4.8,10,20,90,4.0,0.5474452554744526,0.058394160583941604,0.3795620437956204
Sufganiyot,Jewish,720.0,40.0,76.0,14.0,4.6,50,10,60,6.0,0.5,0.4222222222222222,0.07777777777777778
Tex-Mex Pantry Casserole,Tex-Mex,411.0,18.0,43.0,21.0,4.7,10,35,45,4.0,0.39416058394160586,0.41849148418491483,0.20437956204379562
Mediterranean Meat Pies (Sfeeha),Lebanese,412.0,29.0,26.0,13.0,4.6,20,15,80,18.0,0.633495145631068,0.2524271844660194,0.1262135922330097
Octopus in Tomato Sauce,Spanish,499.0,12.0,44.0,45.0,4.5,30,60,90,4.0,0.21643286573146292,0.3527054108216433,0.36072144288577157
Moqueca de Peixe Baiana (Brazilian Fish Stew),Brazilian,454.0,34.0,16.0,25.0,4.3,25,25,80,4.0,0.6740088105726872,0.14096916299559473,0.22026431718061673
Spanish Gazpacho,Spanish,104.0,7.0,9.0,2.0,4.9,20,0,20,8.0,0.6057692307692307,0.34615384615384615,0.07692307692307693
Beef Empanadas with Olives and Raisins,Argentinian,424.0,18.0,48.0,20.0,4.0,30,35,80,10.0,0.38207547169811323,0.4528301886792453,0.18867924528301888
Puerto Rican Rice and Beans (Arroz con Gandules),Puerto Rican,256.0,4.0,47.0,7.0,4.0,10,40,60,8.0,0.140625,0.734375,0.109375
Favorite Fry Bread Tacos,Canadian,696.0,41.0,51.0,33.0,4.2,20,20,40,6.0,0.5301724137931034,0.29310344827586204,0.1896551724137931
German Anise Christmas Cookies (Springerle),German,115.0,1.0,25.0,2.0,3.0,0,0,0,36.0,0.0782608695652174,0.8695652173913043,0.06956521739130435
Russian Potato Salad,Russian,478.0,28.0,43.0,15.0,4.6,25,25,50,10.0,0.5271966527196653,0.3598326359832636,0.12552301255230125
Apples in Pajamas,Israeli,232.0,14.0,25.0,3.0,4.0,15,15,30,8.0,0.5431034482758621,0.43103448275862066,0.05172413793103448
Oladi (Russian Kefir Pancakes),Russian,214.0,6.0,33.0,6.0,4.8,5,15,20,4.0,0.2523364485981308,0.616822429906542,0.11214953271028037
Raisin Butter Tarts,Canadian,368.0,15.0,54.0,4.0,3.9,0,0,0,14.0,0.36684782608695654,0.5869565217391305,0.043478260869565216
Spicy Tuna Rolls,Japanese,344.0,13.0,39.0,17.0,5.0,30,0,30,4.0,0.34011627906976744,0.45348837209302323,0.19767441860465115
Gluten-Free Sandwich Cookies with Dulce de Leche (Alfajores),Argentinian,222.0,10.0,31.0,2.0,5.0,25,10,65,24.0,0.40540540540540543,0.5585585585585585,0.036036036036036036
Swedish Apple Pie,Scandinavian,386.0,23.0,45.0,3.0,4.7,15,65,80,8.0,0.5362694300518135,0.46632124352331605,0.031088082901554404
Hearty Portuguese Bean Soup,Portuguese,268.0,13.0,26.0,13.0,4.5,10,160,170,12.0,0.43656716417910446,0.3880597014925373,0.19402985074626866
Crunchies,Australian and New Zealander,122.0,7.0,15.0,1.0,4.3,0,0,0,30.0,0.5163934426229508,0.4918032786885246,0.03278688524590164
Gramma's Date Squares,Canadian,363.0,13.0,64.0,4.0,4.7,25,25,50,12.0,0.32231404958677684,0.7052341597796143,0.0440771349862259
Ants Climbing a Tree Glass Noodles,Chinese,860.0,37.0,82.0,49.0,5.0,10,20,30,2.0,0.3872093023255814,0.3813953488372093,0.22790697674418606
Thera's Canadian Fried Dough,Canadian,284.0,10.0,46.0,6.0,4.8,30,20,115,20.0,0.31690140845070425,0.647887323943662,0.08450704225352113
Polish Sauerkraut and Carrot Salad,Polish,235.0,14.0,27.0,2.0,4.9,15,0,45,4.0,0.5361702127659574,0.4595744680851064,0.03404255319148936
Cheater Pierogi,Russian,499.0,28.0,38.0,23.0,4.4,45,75,130,10.0,0.5050100200400801,0.3046092184368738,0.1843687374749499
Old Charleston-Style Shrimp and Grits,Southern Recipes,618.0,44.0,16.0,39.0,4.9,30,45,75,8.0,0.6407766990291263,0.10355987055016182,0.2524271844660194
Nana's Beef Stroganoff,Russian,514.0,34.0,14.0,35.0,4.6,20,140,160,4.0,0.5953307392996109,0.10894941634241245,0.2723735408560311
German Rouladen,German,264.0,17.0,8.0,19.0,4.6,20,70,90,6.0,0.5795454545454546,0.12121212121212122,0.2878787878787879
Boterkoek (Dutch Butter Cake),Dutch,264.0,13.0,34.0,3.0,4.8,20,30,50,16.0,0.4431818181818182,0.5151515151515151,0.045454545454545456
Siopao (Filipino Steamed Buns),Filipino,153.0,4.0,26.0,3.0,4.3,30,0,105,16.0,0.23529411764705882,0.6797385620915033,0.0784313725490196
Brazilian Style Chocolate Pudding,Brazilian,163.0,5.0,24.0,5.0,3.8,5,10,20,10.0,0.27607361963190186,0.588957055214724,0.12269938650306748
Tembleque Puerto Rican Coconut Pudding,Puerto Rican,395.0,28.0,39.0,3.0,4.8,10,5,195,6.0,0.6379746835443038,0.3949367088607595,0.030379746835443037
Chocolate Babka,Jewish,378.0,20.0,46.0,6.0,4.9,40,25,165,10.0,0.47619047619047616,0.48677248677248675,0.06349206349206349
Karelian Pies (Karjalanpiirakka),Finnish,106.0,3.0,17.0,3.0,4.6,30,55,85,16.0,0.25471698113207547,0.6415094339622641,0.11320754716981132
A Number-One Egg Bread,Australian and New Zealander,214.0,9.0,27.0,6.0,4.5,25,40,205,18.0,0.37850467289719625,0.5046728971962616,0.11214953271028037
Lumpia in the Air Fryer,Filipino,98.0,6.0,7.0,5.0,4.6,15,30,45,16.0,0.5510204081632653,0.2857142857142857,0.20408163265306123
Greek-Style Potatoes,Greek,418.0,19.0,59.0,7.0,4.6,20,90,110,4.0,0.4090909090909091,0.5645933014354066,0.06698564593301436
Amish Baked Oatmeal,Amish and Mennonite,375.0,18.0,50.0,7.0,4.9,10,25,35,8.0,0.432,0.5333333333333333,0.07466666666666667
Shakshuka,Israeli,209.0,15.0,13.0,8.0,4.8,20,20,40,4.0,0.645933014354067,0.24880382775119617,0.15311004784688995
Deep Fried Corn Meal Sticks (Sorullitos de Maiz) with Dipping Sauce,Puerto Rican,421.0,30.0,37.0,3.0,4.8,30,30,60,6.0,0.6413301662707839,0.3515439429928741,0.028503562945368172
Speculaas Cookies or Spicy Sinterklass Cakes,Danish,97.0,5.0,11.0,1.0,3.9,15,15,90,30.0,0.4639175257731959,0.4536082474226804,0.041237113402061855
Stewed Cabbage,Polish,200.0,12.0,23.0,4.0,4.6,15,40,55,4.0,0.54,0.46,0.08
"Filipino Steamed Rice, Cebu Style",Filipino,466.0,26.0,34.0,22.0,4.0,10,45,75,4.0,0.5021459227467812,0.2918454935622318,0.1888412017167382
Sweet Polish Sausage,Polish,837.0,62.0,41.0,28.0,4.5,60,60,120,4.0,0.6666666666666666,0.1959378733572282,0.13381123058542413
Austrian Jam Cookies,Austrian,88.0,4.0,13.0,1.0,3.9,0,0,0,36.0,0.4090909090909091,0.5909090909090909,0.045454545454545456
Chef John's Quick Cassoulet,French,906.0,44.0,72.0,54.0,4.8,20,45,85,4.0,0.4370860927152318,0.31788079470198677,0.23841059602649006
Kimberly's Curried Deviled Eggs,Amish and Mennonite,73.0,6.0,1.0,3.0,4.0,15,15,60,12.0,0.7397260273972602,0.0547945205479452,0.1643835616438356
Tartufo,Italian,428.0,29.0,45.0,4.0,5.0,50,0,230,8.0,0.6098130841121495,0.4205607476635514,0.037383177570093455
My Classic Puerto Rican Carne Guisada,Puerto Rican,568.0,23.0,34.0,50.0,5.0,15,90,105,4.0,0.3644366197183099,0.23943661971830985,0.352112676056338
Perfect Baked Jerk Chicken,Jamaican,572.0,53.0,2.0,22.0,4.6,15,85,220,6.0,0.833916083916084,0.013986013986013986,0.15384615384615385
Fried Okra,Soul Food,394.0,29.0,29.0,5.0,4.7,15,15,30,4.0,0.6624365482233503,0.29441624365482233,0.050761421319796954
Apple Danish with Crescent Roll Dough,Danish,461.0,29.0,46.0,6.0,5.0,15,40,55,12.0,0.5661605206073753,0.39913232104121477,0.052060737527114966
Asopao de Pollo,Puerto Rican,553.0,18.0,55.0,38.0,4.6,25,35,60,6.0,0.29294755877034356,0.39783001808318263,0.27486437613019893
Danish Christmas Red Cabbage,Danish,144.0,0.0,37.0,1.0,4.6,30,60,90,12.0,0.0,1.0277777777777777,0.027777777777777776
Authentic Cincinnati Chili,Southern Recipes,251.0,12.0,7.0,27.0,4.8,15,210,225,10.0,0.4302788844621514,0.11155378486055777,0.4302788844621514
Avgolemono Soup,Greek,485.0,22.0,33.0,37.0,4.8,25,130,155,6.0,0.40824742268041236,0.2721649484536082,0.30515463917525776
Swedish Apple Cake,Swedish,551.0,20.0,93.0,5.0,4.4,25,60,85,9.0,0.32667876588021777,0.6751361161524501,0.036297640653357534
Vegetable Banh Mi,Vietnamese,742.0,29.0,106.0,15.0,5.0,20,10,40,2.0,0.35175202156334234,0.5714285714285714,0.08086253369272237
Sour Cream Dough for Pierogi,Polish,67.0,1.0,12.0,2.0,4.2,10,0,10,48.0,0.13432835820895522,0.7164179104477612,0.11940298507462686
Havregrynskugler (Danish Oat Balls),Danish,92.0,4.0,13.0,2.0,3.0,30,0,90,20.0,0.391304347826087,0.5652173913043478,0.08695652173913043
Stroopwaffels II,Dutch,126.0,4.0,20.0,1.0,3.7,10,20,30,24.0,0.2857142857142857,0.6349206349206349,0.031746031746031744
Chômeur's Pudding,Canadian,344.0,9.0,66.0,3.0,4.7,15,55,70,12.0,0.23546511627906977,0.7674418604651163,0.03488372093023256
We Be Jammin' Jamaican Banana Bread,Jamaican,131.0,4.0,22.0,2.0,4.2,45,60,165,24.0,0.2748091603053435,0.6717557251908397,0.061068702290076333
Glogi,Scandinavian,291.0,2.0,55.0,2.0,4.0,5,10,15,8.0,0.061855670103092786,0.7560137457044673,0.027491408934707903
Vietnamese Style Vegetarian Curry Soup,Vietnamese,479.0,27.0,51.0,16.0,4.4,30,90,120,8.0,0.5073068893528184,0.42588726513569936,0.1336116910229645
Greek Orzo Salad,Greek,393.0,13.0,57.0,14.0,4.6,15,10,85,6.0,0.29770992366412213,0.5801526717557252,0.14249363867684478
Easy Cajun Jambalaya,Cajun and Creole,488.0,14.0,59.0,29.0,4.5,15,30,45,6.0,0.2581967213114754,0.48360655737704916,0.23770491803278687
Thai Coffee,Thai,64.0,2.0,11.0,2.0,3.5,5,5,10,2.0,0.28125,0.6875,0.125
Suspiro Limeño,Peruvian,401.0,12.0,62.0,12.0,4.1,15,30,225,6.0,0.26932668329177056,0.6184538653366584,0.11970074812967581
Brazilian Carrot Cake,Brazilian,529.0,23.0,78.0,6.0,4.5,20,40,60,12.0,0.391304347826087,0.5897920604914934,0.045368620037807186
Bougatsa,Greek,842.0,55.0,73.0,14.0,5.0,35,45,110,12.0,0.5878859857482185,0.34679334916864607,0.0665083135391924
Greek Lentil Soup (Fakes),Greek,357.0,16.0,40.0,16.0,4.6,10,60,70,4.0,0.40336134453781514,0.4481792717086835,0.1792717086834734
Pannukakku (Finnish Oven Pancake),Finnish,220.0,10.0,28.0,5.0,4.0,10,30,40,12.0,0.4090909090909091,0.509090909090909,0.09090909090909091
German Marble Cake,German,346.0,15.0,46.0,6.0,4.3,0,0,0,14.0,0.3901734104046243,0.5317919075144508,0.06936416184971098
Sheet Pan General Tso's Chicken and Broccoli,Chinese,553.0,27.0,54.0,24.0,4.7,10,20,30,4.0,0.4394213381555154,0.39059674502712477,0.1735985533453888
Potato Plum Dumplings,Austrian,326.0,10.0,53.0,7.0,4.6,35,20,175,12.0,0.27607361963190186,0.6503067484662577,0.08588957055214724
Homemade Phyllo (or Filo) Dough,Greek,178.0,3.0,33.0,4.0,4.7,30,0,150,8.0,0.15168539325842698,0.7415730337078652,0.0898876404494382
Portuguese Pork and Clams,Portuguese,557.0,20.0,48.0,35.0,4.3,0,0,0,4.0,0.3231597845601436,0.34470377019748655,0.2513464991023339
Yaki Mandu (Korean Dumplings),Korean,125.0,6.0,12.0,6.0,4.7,30,15,45,25.0,0.432,0.384,0.192
South African Malvapoeding (Marshmallow Pudding),South African,396.0,22.0,48.0,4.0,4.6,20,60,80,10.0,0.5,0.48484848484848486,0.04040404040404041
Best Bobotie,South African,375.0,27.0,17.0,16.0,4.4,15,95,110,8.0,0.648,0.18133333333333335,0.17066666666666666
Sesame Chicken with Broccoli,Chinese,652.0,32.0,31.0,60.0,4.5,25,20,45,4.0,0.44171779141104295,0.1901840490797546,0.36809815950920244
Aji de Gallina,Peruvian,357.0,16.0,27.0,25.0,4.2,30,50,80,12.0,0.40336134453781514,0.3025210084033613,0.2801120448179272
Spicy Korean Fried Chicken with Gochujang Sauce,Korean,398.0,8.0,52.0,29.0,4.3,10,15,40,4.0,0.18090452261306533,0.5226130653266332,0.2914572864321608
Peruvian Cilantro Rice,Peruvian,190.0,3.0,27.0,12.0,3.6,15,20,35,6.0,0.14210526315789473,0.5684210526315789,0.25263157894736843
Swedish Waffle Cookies,Swedish,335.0,26.0,23.0,2.0,5.0,30,20,50,12.0,0.6985074626865672,0.2746268656716418,0.023880597014925373
Russian Ant Hill Cake,Russian,656.0,38.0,73.0,8.0,5.0,40,15,55,10.0,0.5213414634146342,0.4451219512195122,0.04878048780487805
Cold Russian Borscht,Russian,107.0,5.0,12.0,5.0,4.4,20,60,140,6.0,0.4205607476635514,0.4485981308411215,0.18691588785046728
Swedish Nut Bars,Swedish,375.0,24.0,33.0,12.0,4.3,0,0,0,12.0,0.576,0.352,0.128
Ash Reshteh,Persian,564.0,28.0,63.0,19.0,5.0,30,75,105,6.0,0.44680851063829785,0.44680851063829785,0.1347517730496454
Cheesy Pork Taco Rice,Tex-Mex,384.0,16.0,39.0,21.0,4.7,20,35,70,6.0,0.375,0.40625,0.21875
Caldo Verde (Portuguese Green Soup),Portuguese,417.0,21.0,47.0,14.0,4.4,30,45,75,6.0,0.45323741007194246,0.45083932853717024,0.1342925659472422
Vegan Puerto Rican Empanadas,Puerto Rican,437.0,28.0,32.0,14.0,5.0,30,30,65,12.0,0.5766590389016019,0.2929061784897025,0.12814645308924486
Sausage Rolls,Australian and New Zealander,301.0,21.0,15.0,13.0,4.9,30,30,70,16.0,0.627906976744186,0.19933554817275748,0.17275747508305647
Maritime Donair Sauce,Canadian,112.0,3.0,19.0,3.0,4.9,5,0,65,6.0,0.24107142857142858,0.6785714285714286,0.10714285714285714
Rappie Pie,Canadian,733.0,9.0,104.0,58.0,4.0,60,125,185,8.0,0.11050477489768076,0.567530695770805,0.3165075034106412
German Rocks,German,179.0,9.0,23.0,3.0,4.7,15,10,25,36.0,0.45251396648044695,0.5139664804469274,0.0670391061452514
Cajun Boudin,Cajun and Creole,188.0,7.0,20.0,11.0,3.7,45,120,165,18.0,0.3351063829787234,0.425531914893617,0.23404255319148937
Colleen's Slow Cooker Jambalaya,Cajun and Creole,235.0,14.0,6.0,20.0,4.6,20,180,200,12.0,0.5361702127659574,0.10212765957446808,0.3404255319148936
Butter Tarts,Canadian,641.0,32.0,86.0,8.0,4.7,15,20,35,12.0,0.44929797191887677,0.5366614664586583,0.0499219968798752
Chocolate-Covered Matzo,Jewish,351.0,22.0,39.0,2.0,4.9,10,15,30,10.0,0.5641025641025641,0.4444444444444444,0.022792022792022793
"Eggplant, Roasted Pepper and Chicken Pitas",Israeli,492.0,18.0,60.0,23.0,4.8,30,15,45,6.0,0.32926829268292684,0.4878048780487805,0.18699186991869918
Sinigang na Bangus (Filipino Milkfish in Tamarind Broth),Filipino,291.0,7.0,38.0,23.0,4.0,20,15,35,5.0,0.21649484536082475,0.5223367697594502,0.3161512027491409
Pork Sinigang,Filipino,240.0,9.0,12.0,27.0,4.5,15,60,75,4.0,0.3375,0.2,0.45
Jamaican Rice and Peas,Jamaican,391.0,13.0,60.0,11.0,4.6,10,30,40,8.0,0.29923273657289,0.6138107416879796,0.11253196930946291
Cucumber and Avocado Sushi,Japanese,171.0,5.0,29.0,3.0,4.5,35,25,65,6.0,0.2631578947368421,0.6783625730994152,0.07017543859649122
Restaurant-Style French Onion Soup,French,792.0,38.0,77.0,31.0,4.8,20,85,105,6.0,0.4318181818181818,0.3888888888888889,0.15656565656565657
Chicken Jalfrezi,Pakistani,265.0,17.0,7.0,20.0,4.6,20,55,75,6.0,0.5773584905660377,0.10566037735849057,0.3018867924528302
Old-Time Kentucky Bacon Milk Gravy for Biscuits,Soul Food,190.0,13.0,12.0,6.0,4.6,0,25,25,6.0,0.6157894736842106,0.25263157894736843,0.12631578947368421
Cream Cheese and Crab Sushi Rolls,Japanese,444.0,8.0,80.0,11.0,4.6,20,20,40,2.0,0.16216216216216217,0.7207207207207207,0.0990990990990991
Maui Banana Cream Tube Cake,Australian and New Zealander,300.0,11.0,46.0,5.0,4.6,20,50,130,12.0,0.33,0.6133333333333333,0.06666666666666667
Shrimp Mozambique,Portuguese,349.0,16.0,29.0,16.0,4.5,10,35,45,6.0,0.41260744985673353,0.332378223495702,0.1833810888252149
Finnish Summer Soup,Finnish,563.0,21.0,83.0,19.0,4.4,10,30,40,4.0,0.33570159857904086,0.5896980461811723,0.1349911190053286
Easy Challah Bread,Jewish,211.0,4.0,37.0,7.0,4.4,25,30,160,10.0,0.17061611374407584,0.7014218009478673,0.13270142180094788
Nicole's Cajun Chicken and Sausage Jambalaya,Southern Recipes,545.0,33.0,24.0,38.0,4.8,20,75,100,10.0,0.544954128440367,0.1761467889908257,0.27889908256880735
Apple and Honey Sorbet,Israeli,188.0,0.0,51.0,1.0,4.8,60,5,245,8.0,0.0,1.0851063829787233,0.02127659574468085
Asian Garlic Beef Cubes (Vietnamese Bo Luc Lac or Shaking Beef),Vietnamese,329.0,27.0,3.0,18.0,4.0,30,5,45,6.0,0.7386018237082067,0.0364741641337386,0.2188449848024316
Tex-Mex Air Fryer Hash Browns,Tex-Mex,186.0,4.0,34.0,4.0,5.0,15,30,65,4.0,0.1935483870967742,0.7311827956989247,0.08602150537634409
Stroopwafels with Treacle,Dutch,523.0,20.0,81.0,6.0,4.7,45,1,91,12.0,0.3441682600382409,0.6195028680688337,0.045889101338432124
Japanese Tamago Egg,Japanese,63.0,4.0,3.0,4.0,4.7,15,10,25,6.0,0.5714285714285714,0.19047619047619047,0.25396825396825395
Pan-Fried Halloumi,Greek,256.0,21.0,4.0,14.0,4.5,5,10,15,4.0,0.73828125,0.0625,0.21875
Cajun Seafood Pasta,Cajun and Creole,695.0,37.0,62.0,32.0,4.8,15,30,45,6.0,0.479136690647482,0.35683453237410073,0.1841726618705036
Swedish Chocolate Balls (Chokladbollar),Scandinavian,131.0,9.0,13.0,2.0,4.8,10,5,30,16.0,0.6183206106870229,0.3969465648854962,0.061068702290076333
Vietnamese Iced Coffee,Vietnamese,129.0,3.0,22.0,3.0,4.6,5,5,10,4.0,0.20930232558139536,0.6821705426356589,0.09302325581395349
Beer Glazed Brats and Sauerkraut,German,454.0,33.0,15.0,17.0,4.5,5,40,45,4.0,0.6541850220264317,0.13215859030837004,0.14977973568281938
German Rhubarb Streusel Cake,German,322.0,15.0,42.0,4.0,4.4,20,40,90,8.0,0.4192546583850932,0.5217391304347826,0.049689440993788817
Kafta (BBQ),Lebanese,227.0,14.0,2.0,22.0,4.4,20,10,30,6.0,0.5550660792951542,0.03524229074889868,0.3876651982378855
Ashley's Chicken Katsu with Tonkatsu Sauce,Japanese,718.0,37.0,73.0,30.0,4.3,20,10,30,2.0,0.4637883008356546,0.40668523676880225,0.1671309192200557
Cinnamon Babka,Polish,276.0,12.0,38.0,5.0,5.0,30,45,235,12.0,0.391304347826087,0.5507246376811594,0.07246376811594203
Beignets,Southern Recipes,543.0,18.0,83.0,12.0,4.8,30,30,180,10.0,0.2983425414364641,0.6114180478821363,0.08839779005524862
Pomegranate Stew with Chicken (Khoresh Fesenjan),Persian,785.0,39.0,95.0,24.0,4.2,15,150,165,6.0,0.44713375796178345,0.4840764331210191,0.12229299363057325
Fatayer (Lebanese Meat Pies),Lebanese,239.0,7.0,29.0,13.0,5.0,35,25,70,16.0,0.26359832635983266,0.48535564853556484,0.2175732217573222
Hawaiian Wedding Cake,Australian and New Zealander,390.0,18.0,57.0,4.0,4.8,20,40,60,14.0,0.4153846153846154,0.5846153846153846,0.041025641025641026
Vegetarian Pho (Vietnamese Noodle Soup),Vietnamese,483.0,13.0,78.0,17.0,4.9,30,64,94,6.0,0.2422360248447205,0.6459627329192547,0.14078674948240166
Hoppin' John,Soul Food,231.0,8.0,32.0,9.0,5.0,20,20,40,6.0,0.3116883116883117,0.5541125541125541,0.15584415584415584
Basque Cake,Spanish,205.0,3.0,41.0,5.0,3.8,30,60,90,12.0,0.13170731707317074,0.8,0.0975609756097561
Hawaiian Pizza,Canadian,322.0,14.0,34.0,14.0,4.8,20,20,45,8.0,0.391304347826087,0.422360248447205,0.17391304347826086
Honey BBQ Sauce,Southern Recipes,65.0,0.0,17.0,0.0,4.9,5,25,30,16.0,0.0,1.0461538461538462,0.0
Bánh Mì,Vietnamese,657.0,25.0,85.0,24.0,4.7,30,20,50,2.0,0.3424657534246575,0.517503805175038,0.1461187214611872
Unstuffed Shells Pasta Bake,Italian,508.0,30.0,28.0,32.0,4.6,15,55,70,8.0,0.531496062992126,0.2204724409448819,0.25196850393700787
The Best Ever Classic Jewish Noodle Kugel,Jewish,313.0,11.0,47.0,8.0,4.6,10,60,70,12.0,0.31629392971246006,0.6006389776357828,0.10223642172523961
Italian Wedding Pasta Bake,Italian,570.0,34.0,44.0,24.0,4.5,15,45,70,8.0,0.5368421052631579,0.3087719298245614,0.16842105263157894
Korean Cucumber Salad,Korean,117.0,6.0,16.0,2.0,4.9,10,0,55,6.0,0.46153846153846156,0.5470085470085471,0.06837606837606838
Piña Colada Sorbet,Puerto Rican,284.0,10.0,51.0,1.0,4.7,25,0,25,8.0,0.31690140845070425,0.7183098591549296,0.014084507042253521
Caldo Verde (Portuguese Sausage Kale Soup),Portuguese,565.0,26.0,62.0,25.0,4.7,15,65,80,6.0,0.41415929203539825,0.4389380530973451,0.17699115044247787
Norwegian Christmas Cabbage,Norwegian,206.0,6.0,33.0,8.0,4.7,15,45,60,6.0,0.2621359223300971,0.6407766990291263,0.1553398058252427
Halupki (Stuffed Cabbage),Russian,468.0,30.0,22.0,28.0,4.6,45,165,210,10.0,0.5769230769230769,0.18803418803418803,0.23931623931623933
Chicken Cordon Bleu,French,419.0,19.0,13.0,46.0,4.6,10,35,45,4.0,0.4081145584725537,0.12410501193317422,0.43914081145584727
Swedish Cream,Swedish,298.0,23.0,22.0,3.0,4.6,10,10,270,6.0,0.6946308724832215,0.2953020134228188,0.040268456375838924
Famous Japanese Restaurant-Style Salad Dressing,Japanese,82.0,8.0,3.0,0.0,4.4,10,0,10,14.0,0.8780487804878049,0.14634146341463414,0.0
Matzah,Jewish,63.0,1.0,12.0,2.0,4.9,15,5,20,8.0,0.14285714285714285,0.7619047619047619,0.12698412698412698
Quince Paste,Portuguese,170.0,0.0,44.0,0.0,4.6,20,210,230,32.0,0.0,1.035294117647059,0.0
Papa a la Huancaína (Huancayo-Style Potatoes),Peruvian,586.0,37.0,46.0,20.0,4.7,20,25,45,8.0,0.568259385665529,0.31399317406143346,0.13651877133105803
German Semolina Pudding,German,259.0,5.0,41.0,12.0,4.8,5,20,25,2.0,0.17374517374517376,0.6332046332046332,0.18532818532818532
Malaysian Mango Chicken Curry,Malaysian,361.0,9.0,42.0,29.0,4.4,20,20,40,2.0,0.22437673130193905,0.46537396121883656,0.32132963988919666
Toaster Biscuits,Australian and New Zealander,196.0,4.0,34.0,6.0,3.7,15,20,80,10.0,0.1836734693877551,0.6938775510204082,0.12244897959183673
Air Fryer Pakoras,Indian,81.0,1.0,14.0,4.0,4.1,10,20,40,8.0,0.1111111111111111,0.691358024691358,0.19753086419753085
Thai Cucumber Salad,Thai,245.0,9.0,38.0,6.0,4.8,15,0,45,4.0,0.3306122448979592,0.6204081632653061,0.09795918367346938
Dolmas (Stuffed Grape Leaves),Greek,207.0,4.0,39.0,5.0,3.8,30,45,90,8.0,0.17391304347826086,0.7536231884057971,0.0966183574879227
Indian Chicken Curry (Murgh Kari),Indian,427.0,24.0,15.0,38.0,4.7,20,40,60,6.0,0.5058548009367682,0.1405152224824356,0.3559718969555035
Brazilian Black Bean Stew,Brazilian,508.0,15.0,71.0,23.0,4.7,15,30,45,6.0,0.265748031496063,0.5590551181102362,0.18110236220472442
Pochero,Filipino,959.0,52.0,59.0,64.0,4.7,20,50,70,6.0,0.4880083420229406,0.24608967674661106,0.2669447340980188
Green Onion Garlic Naan Bread,Indian,282.0,5.0,53.0,10.0,4.5,20,3,38,6.0,0.1595744680851064,0.75177304964539,0.14184397163120568
Vienna Schnitzel,Austrian,542.0,25.0,45.0,32.0,4.7,20,15,35,6.0,0.4151291512915129,0.33210332103321033,0.23616236162361623
Baked Chicken In a Sweet BBQ Sauce,Canadian,275.0,4.0,32.0,25.0,4.2,10,50,60,4.0,0.13090909090909092,0.46545454545454545,0.36363636363636365
Bobotie (South African Beef Casserole),South African,441.0,27.0,13.0,36.0,4.9,20,60,90,8.0,0.5510204081632653,0.11791383219954649,0.32653061224489793
BaumKuchen,Swiss,462.0,26.0,56.0,6.0,4.9,30,40,90,12.0,0.5064935064935064,0.48484848484848486,0.05194805194805195
Quick and Easy Thai Style Coleslaw,Thai,119.0,7.0,13.0,2.0,3.7,5,0,185,8.0,0.5294117647058824,0.4369747899159664,0.06722689075630252
Ground Beef and Cabbage,Southern Recipes,193.0,9.0,4.0,22.0,4.6,15,45,60,6.0,0.41968911917098445,0.08290155440414508,0.45595854922279794
Mexican Style Dip,Tex-Mex,239.0,18.0,5.0,13.0,4.6,15,10,25,12.0,0.6778242677824268,0.08368200836820083,0.2175732217573222
Instant Pot® Jamaican Chicken Curry,Jamaican,330.0,17.0,23.0,22.0,4.0,15,20,50,6.0,0.4636363636363636,0.2787878787878788,0.26666666666666666
Orange Chicken,Chinese,445.0,11.0,69.0,18.0,4.6,20,20,170,4.0,0.22247191011235956,0.6202247191011236,0.16179775280898875
Garlic Rice,Filipino,293.0,9.0,46.0,6.0,4.5,5,15,20,4.0,0.2764505119453925,0.6279863481228669,0.08191126279863481
Australian Damper,Australian and New Zealander,133.0,1.0,26.0,4.0,3.8,30,30,60,15.0,0.06766917293233082,0.7819548872180451,0.12030075187969924
Kringla,Norwegian,119.0,4.0,20.0,2.0,3.9,0,0,0,36.0,0.3025210084033613,0.6722689075630253,0.06722689075630252
Turkish Chicken Kebabs,Turkish,539.0,33.0,8.0,52.0,4.8,15,12,147,4.0,0.5510204081632653,0.059369202226345084,0.38589981447124305
Bengali Dhal,Bangladeshi,224.0,4.0,34.0,13.0,4.0,15,30,45,4.0,0.16071428571428573,0.6071428571428571,0.23214285714285715
Squash and Kohlrabi Empanadas,Argentinian,308.0,20.0,28.0,5.0,4.3,40,20,60,8.0,0.5844155844155844,0.36363636363636365,0.06493506493506493
Dansk Aebleskiver (Danish Doughnuts),Danish,145.0,11.0,10.0,3.0,4.5,10,45,55,48.0,0.6827586206896552,0.27586206896551724,0.08275862068965517
Indian Lassi,Indian,50.0,1.0,6.0,4.0,4.3,15,0,15,6.0,0.18,0.48,0.32
Oven Fried Okra,Soul Food,95.0,2.0,19.0,3.0,4.1,10,25,35,4.0,0.18947368421052632,0.8,0.12631578947368421
Turkish Eggs (Cilbir),Turkish,430.0,34.0,8.0,25.0,5.0,25,10,35,2.0,0.7116279069767442,0.07441860465116279,0.23255813953488372
Authentic Russian Salad 'Olivye',Russian,261.0,12.0,31.0,8.0,4.7,30,20,50,10.0,0.41379310344827586,0.47509578544061304,0.12260536398467432
Caldereta (Filipino Beef Stew),Filipino,518.0,36.0,25.0,26.0,4.0,20,65,85,6.0,0.6254826254826255,0.19305019305019305,0.20077220077220076
Apple Cake with Cream Cheese Frosting,German,284.0,15.0,36.0,3.0,4.8,15,45,60,24.0,0.4753521126760563,0.5070422535211268,0.04225352112676056
Dutch Boterkoek,Dutch,236.0,15.0,25.0,2.0,4.4,15,35,110,16.0,0.5720338983050848,0.423728813559322,0.03389830508474576
Moroccan Shabbat Fish,Israeli,278.0,12.0,6.0,36.0,4.4,20,60,80,6.0,0.38848920863309355,0.08633093525179857,0.5179856115107914
Gisela's Butternut Squash Soup,South African,245.0,9.0,43.0,5.0,4.6,25,25,50,4.0,0.3306122448979592,0.7020408163265306,0.08163265306122448
Braised Collard Greens,Soul Food,582.0,48.0,13.0,25.0,4.8,20,70,90,8.0,0.7422680412371134,0.08934707903780069,0.1718213058419244
Mom's Stovetop Pork Ribs,Brazilian,461.0,32.0,11.0,34.0,4.6,20,40,60,6.0,0.6247288503253796,0.09544468546637744,0.2950108459869848
Easy Baklava,Greek,201.0,14.0,18.0,3.0,4.8,30,50,80,36.0,0.6268656716417911,0.3582089552238806,0.05970149253731343
Chocolate Santafereño (Colombian-Style Hot Chocolate),Colombian,544.0,32.0,47.0,17.0,5.0,5,5,10,1.0,0.5294117647058824,0.34558823529411764,0.125
Portuguese Custard Tarts - Pasteis de Nata,Portuguese,336.0,18.0,39.0,5.0,4.4,20,20,40,12.0,0.48214285714285715,0.4642857142857143,0.05952380952380952
Bang Bang Chicken,Chinese,404.0,21.0,27.0,27.0,4.7,15,10,40,4.0,0.46782178217821785,0.26732673267326734,0.26732673267326734
Russian Pelmeni,Russian,212.0,7.0,25.0,11.0,4.7,60,20,140,12.0,0.2971698113207547,0.4716981132075472,0.20754716981132076
Best Vinegar Coleslaw,Amish and Mennonite,224.0,9.0,35.0,2.0,4.8,15,5,20,8.0,0.36160714285714285,0.625,0.03571428571428571
Linzer Tart Cookies,Austrian,442.0,30.0,40.0,7.0,4.8,45,10,135,12.0,0.6108597285067874,0.36199095022624433,0.06334841628959276
Jamaican Curry Chicken,Jamaican,348.0,20.0,14.0,28.0,4.7,20,30,50,6.0,0.5172413793103449,0.16091954022988506,0.3218390804597701
Pakistani Spicy Chickpeas,Pakistani,205.0,7.0,30.0,6.0,4.3,0,0,0,5.0,0.3073170731707317,0.5853658536585366,0.11707317073170732
Chilean Alfajores,Chilean,86.0,4.0,11.0,2.0,3.0,30,135,175,30.0,0.4186046511627907,0.5116279069767442,0.09302325581395349
Filipino Baked Milkfish (Baked Bangus),Filipino,394.0,16.0,14.0,50.0,4.3,15,60,75,4.0,0.36548223350253806,0.14213197969543148,0.5076142131979695
Empanada Filling,Peruvian,318.0,21.0,16.0,17.0,4.3,15,20,35,6.0,0.5943396226415094,0.20125786163522014,0.2138364779874214
Amish Friendship Chocolate Bread,Amish and Mennonite,170.0,10.0,18.0,2.0,4.4,10,60,70,24.0,0.5294117647058824,0.4235294117647059,0.047058823529411764
Sheet Pan Cajun Butter Shrimp,Cajun and Creole,339.0,23.0,2.0,31.0,5.0,15,8,23,6.0,0.6106194690265486,0.02359882005899705,0.36578171091445427
Mitzie's Beef Stroganoff,Russian,329.0,19.0,14.0,24.0,4.4,10,75,85,4.0,0.5197568389057751,0.1702127659574468,0.2917933130699088
Chinese Spareribs,Chinese,503.0,31.0,23.0,30.0,4.7,5,40,165,2.0,0.5546719681908548,0.18290258449304175,0.23856858846918488
Mulligatawny Soup,Indian,223.0,16.0,14.0,7.0,4.8,20,60,80,6.0,0.6457399103139013,0.25112107623318386,0.12556053811659193
Filipino Corned Beef and Cabbage,Filipino,398.0,29.0,9.0,25.0,4.7,10,25,35,4.0,0.6557788944723618,0.09045226130653267,0.25125628140703515
Air-Fried Peruvian Chicken Drumsticks with Green Crema,Peruvian,271.0,18.0,6.0,22.0,4.5,15,15,30,6.0,0.5977859778597786,0.08856088560885608,0.3247232472324723
Sweet Plantain Pie,Puerto Rican,643.0,33.0,76.0,20.0,4.7,30,60,100,6.0,0.4618973561430793,0.4727838258164852,0.12441679626749612
Holland Boterkoek,Dutch,219.0,11.0,29.0,2.0,4.6,10,40,50,12.0,0.4520547945205479,0.5296803652968036,0.0365296803652968
Chickpea Tikka Masala,Indian,485.0,10.0,80.0,22.0,5.0,15,20,35,4.0,0.18556701030927836,0.6597938144329897,0.18144329896907216
Potato Klubb (Norwegian Potato Dumplings),Norwegian,378.0,23.0,38.0,5.0,4.6,30,60,90,8.0,0.5476190476190477,0.4021164021164021,0.05291005291005291
Jerk Marinade Seasoning Rub,Jamaican,235.0,5.0,53.0,6.0,4.9,15,0,15,24.0,0.19148936170212766,0.902127659574468,0.10212765957446808
Thai-Style Fragrant Rice,Thai,438.0,18.0,63.0,7.0,4.1,20,30,50,4.0,0.3698630136986301,0.5753424657534246,0.0639269406392694
Rosemary Steak,Argentinian,506.0,35.0,2.0,33.0,4.3,5,20,145,4.0,0.6225296442687747,0.015810276679841896,0.2608695652173913
Puerto Rican Arroz con Pollo,Puerto Rican,491.0,23.0,41.0,26.0,4.6,30,55,85,12.0,0.4215885947046843,0.3340122199592668,0.21181262729124237
Southern Spicy Fried Chicken,Soul Food,480.0,24.0,42.0,25.0,4.3,20,15,155,10.0,0.45,0.35,0.20833333333333334
Spanish Paella,Spanish,524.0,18.0,57.0,29.0,4.7,45,45,90,6.0,0.30916030534351147,0.4351145038167939,0.22137404580152673
Italian Style No Mayo Tuna Salad,Italian,380.0,15.0,30.0,32.0,4.5,10,0,10,4.0,0.35526315789473684,0.3157894736842105,0.3368421052631579
Easy and Delicious Homemade Ricotta Cheese,Italian,158.0,8.0,13.0,8.0,4.6,10,5,40,8.0,0.45569620253164556,0.3291139240506329,0.20253164556962025
Penang Pork Satay,Malaysian,153.0,9.0,8.0,10.0,4.8,30,20,290,10.0,0.5294117647058824,0.20915032679738563,0.26143790849673204
Beef Bulgogi with Dipping Sauce,Korean,405.0,19.0,15.0,43.0,5.0,15,8,53,4.0,0.4222222222222222,0.14814814814814814,0.4246913580246914
Danish Almond Puff,Danish,424.0,26.0,42.0,6.0,4.5,15,60,120,8.0,0.5518867924528302,0.39622641509433965,0.05660377358490566
Passover Charoset,Jewish,195.0,10.0,28.0,3.0,4.8,15,0,15,8.0,0.46153846153846156,0.5743589743589743,0.06153846153846154
Russian Beet and Potato Salad,Russian,145.0,7.0,20.0,2.0,4.5,20,30,110,8.0,0.43448275862068964,0.5517241379310345,0.05517241379310345
Amish Friendship Cake,Amish and Mennonite,256.0,11.0,34.0,6.0,4.1,15,45,60,24.0,0.38671875,0.53125,0.09375
Russian Black Bread,Russian,159.0,3.0,30.0,4.0,4.6,15,180,195,12.0,0.16981132075471697,0.7547169811320755,0.10062893081761007
Chicken Bog,Soul Food,717.0,43.0,29.0,50.0,4.3,20,105,135,6.0,0.5397489539748954,0.16178521617852162,0.2789400278940028
Argentine Lentil Stew,Argentinian,266.0,4.0,46.0,13.0,4.2,15,40,55,4.0,0.13533834586466165,0.6917293233082706,0.19548872180451127
Tourtière (French Canadian Meat Pie),Canadian,485.0,32.0,31.0,18.0,4.6,20,165,195,8.0,0.5938144329896907,0.2556701030927835,0.14845360824742268
Cod Piccata,Italian,517.0,19.0,35.0,57.0,5.0,5,15,20,3.0,0.3307543520309478,0.27079303675048355,0.4410058027079304
French Canadian Tourtière,Canadian,405.0,27.0,22.0,18.0,4.4,40,40,120,8.0,0.6,0.21728395061728395,0.17777777777777778
"Gambas Pil Pil (Prawns, Chilean Style)",Chilean,278.0,19.0,4.0,19.0,4.1,20,12,32,6.0,0.6151079136690647,0.05755395683453238,0.2733812949640288
Taylor's Piroshki,Russian,447.0,25.0,42.0,14.0,4.6,30,30,105,10.0,0.5033557046979866,0.37583892617449666,0.12527964205816555
Mansaka,Danish,537.0,27.0,39.0,35.0,4.2,15,35,50,6.0,0.45251396648044695,0.2905027932960894,0.260707635009311
Beefs Portuguese Style,Portuguese,467.0,39.0,4.0,21.0,4.2,10,20,30,6.0,0.7516059957173448,0.034261241970021415,0.17987152034261242
Pouding Chomeur,Canadian,602.0,33.0,76.0,5.0,4.2,15,35,60,10.0,0.49335548172757476,0.5049833887043189,0.03322259136212625
Amish Chocolate Pudding,Amish and Mennonite,274.0,4.0,58.0,4.0,3.3,5,15,20,8.0,0.13138686131386862,0.8467153284671532,0.058394160583941604
Famous Chicken Adobo,Filipino,361.0,22.0,7.0,33.0,4.5,15,45,60,6.0,0.5484764542936288,0.07756232686980609,0.3656509695290859
Caramel-Coated Catfish,Vietnamese,404.0,17.0,24.0,37.0,4.2,15,25,40,4.0,0.3787128712871287,0.2376237623762376,0.36633663366336633
Swedish Sticky Chocolate Cake (Kladdkaka),Scandinavian,288.0,13.0,41.0,3.0,4.6,10,35,105,8.0,0.40625,0.5694444444444444,0.041666666666666664
Greek Couscous Salad,Greek,254.0,6.0,42.0,9.0,4.6,20,5,45,3.0,0.2125984251968504,0.6614173228346457,0.14173228346456693
Nut Filling for Kolacky Cookies,Polish,79.0,6.0,6.0,2.0,4.9,0,0,0,24.0,0.6835443037974683,0.3037974683544304,0.10126582278481013
Authentic Swedish Pancakes,Scandinavian,66.0,3.0,8.0,3.0,4.6,10,15,25,13.0,0.4090909090909091,0.48484848484848486,0.18181818181818182
Easy Bundt Pan Roasted Greek Chicken and Vegetables,Greek,738.0,33.0,56.0,54.0,4.7,20,70,90,4.0,0.4024390243902439,0.3035230352303523,0.2926829268292683
Chinese Eggplant with Garlic Sauce,Chinese,187.0,8.0,29.0,5.0,4.6,10,15,25,6.0,0.3850267379679144,0.6203208556149733,0.10695187165775401
Jam Kolaczki,Polish,168.0,10.0,17.0,2.0,4.2,45,15,60,12.0,0.5357142857142857,0.40476190476190477,0.047619047619047616
Meet Lemon Pesto: The 5-Ingredient No-Cook Sauce Ready Before Your Pasta's Done Boiling,Italian,481.0,32.0,46.0,12.0,5.0,15,0,15,4.0,0.5987525987525988,0.38253638253638256,0.0997920997920998
Vietnamese Salad Rolls,Vietnamese,187.0,2.0,31.0,12.0,4.6,20,5,25,8.0,0.0962566844919786,0.6631016042780749,0.25668449197860965
Lazy Man's Pierogi,Polish,356.0,11.0,52.0,14.0,4.4,30,45,75,8.0,0.27808988764044945,0.5842696629213483,0.15730337078651685
Bulgogi (Korean Barbecued Beef),Korean,243.0,15.0,6.0,20.0,4.4,30,20,200,4.0,0.5555555555555556,0.09876543209876543,0.3292181069958848
Kroppkakor - Swedish Potato Dumplings,Scandinavian,207.0,9.0,25.0,6.0,3.5,60,35,95,12.0,0.391304347826087,0.4830917874396135,0.11594202898550725
Great-Grandmother Bubbie's Hamantaschen,Jewish,182.0,5.0,34.0,3.0,4.7,20,40,70,36.0,0.24725274725274726,0.7472527472527473,0.06593406593406594
3-Ingredient Japanese Cheesecake,Japanese,151.0,11.0,9.0,4.0,4.6,15,30,300,8.0,0.6556291390728477,0.23841059602649006,0.10596026490066225
Authentic Paella Valenciana,Spanish,783.0,31.0,87.0,34.0,4.1,30,90,120,8.0,0.3563218390804598,0.4444444444444444,0.17369093231162197
Easy Chinese Corn Soup,Chinese,121.0,2.0,24.0,5.0,4.4,5,10,15,4.0,0.1487603305785124,0.7933884297520661,0.1652892561983471
Brazilian Banana Bread,Brazilian,355.0,5.0,74.0,6.0,4.1,25,35,60,12.0,0.1267605633802817,0.8338028169014085,0.0676056338028169
Lebanese Fattoush,Lebanese,257.0,17.0,24.0,5.0,4.3,60,0,60,6.0,0.5953307392996109,0.3735408560311284,0.07782101167315175
Bistec Encebollao,Puerto Rican,423.0,32.0,6.0,26.0,4.6,15,40,295,6.0,0.6808510638297872,0.05673758865248227,0.2458628841607565
Disney's Ratatouille,French,275.0,19.0,25.0,6.0,4.8,45,45,90,4.0,0.6218181818181818,0.36363636363636365,0.08727272727272728
Classic Chicken Pad Thai,Thai,797.0,29.0,98.0,40.0,5.0,15,15,45,4.0,0.32747804265997493,0.4918444165621079,0.20075282308657466
Finnish Runeberg Tortes,Finnish,257.0,15.0,28.0,3.0,4.0,25,15,65,12.0,0.5252918287937743,0.4357976653696498,0.04669260700389105
Japanese Pan Noodles,Japanese,258.0,2.0,50.0,7.0,4.3,25,25,50,4.0,0.06976744186046512,0.7751937984496124,0.10852713178294573
Shirazi Salad,Persian,157.0,10.0,21.0,3.0,5.0,25,0,25,6.0,0.5732484076433121,0.535031847133758,0.07643312101910828
Asian Coconut Rice,Thai,453.0,21.0,61.0,7.0,4.7,5,25,30,4.0,0.41721854304635764,0.5386313465783664,0.06181015452538632
Korean Fried Chicken,Korean,472.0,24.0,44.0,19.0,4.8,15,15,270,4.0,0.4576271186440678,0.3728813559322034,0.16101694915254236
Sfoof (Lebanese Semolina Turmeric Cake),Lebanese,188.0,10.0,24.0,1.0,4.2,15,25,40,12.0,0.4787234042553192,0.5106382978723404,0.02127659574468085
Classic Spicy Southern Fried Chicken,Southern Recipes,503.0,29.0,29.0,31.0,5.0,20,10,50,8.0,0.5188866799204771,0.23061630218687873,0.24652087475149106
Ginataang Manok (Chicken Cooked in Coconut Milk),Filipino,709.0,60.0,7.0,39.0,4.3,5,50,55,6.0,0.7616361071932299,0.039492242595204514,0.22002820874471085
Linzer Torte Cookies,Austrian,114.0,5.0,17.0,1.0,4.6,0,0,0,38.0,0.39473684210526316,0.5964912280701754,0.03508771929824561
Danish Chicken Liver Pate,Danish,168.0,14.0,4.0,8.0,5.0,25,50,75,12.0,0.75,0.09523809523809523,0.19047619047619047
Mild Cheesy Chicken Enchiladas,Tex-Mex,520.0,31.0,32.0,29.0,4.2,30,30,60,8.0,0.5365384615384615,0.24615384615384617,0.2230769230769231
Smothered Collard Greens and Cabbage,Soul Food,179.0,13.0,11.0,6.0,4.7,15,30,45,8.0,0.6536312849162011,0.24581005586592178,0.1340782122905028
Lemon Garlic Butter Chicken Spiedini,Italian,636.0,41.0,21.0,43.0,4.7,15,15,30,6.0,0.5801886792452831,0.1320754716981132,0.27044025157232704
Chef John's Roman-Style Chicken,Italian,458.0,27.0,11.0,40.0,4.9,30,60,210,6.0,0.5305676855895196,0.09606986899563319,0.34934497816593885
Mutton Varuval (Malaysian Indian-Style Goat Curry),Malaysian,206.0,8.0,6.0,27.0,4.8,30,150,180,6.0,0.34951456310679613,0.11650485436893204,0.5242718446601942
Amish Yumazuti,Amish and Mennonite,422.0,17.0,46.0,23.0,4.0,30,60,90,6.0,0.36255924170616116,0.43601895734597157,0.21800947867298578
Lentil and Green Collard Soup,Lebanese,307.0,12.0,39.0,15.0,4.4,15,30,45,4.0,0.3517915309446254,0.50814332247557,0.19543973941368079
Easy Mango Salad,Thai,84.0,1.0,19.0,2.0,4.3,20,0,20,4.0,0.10714285714285714,0.9047619047619048,0.09523809523809523
Easy Sausage and Shrimp Gumbo,Cajun and Creole,568.0,45.0,19.0,21.0,4.6,20,72,92,8.0,0.7130281690140845,0.13380281690140844,0.14788732394366197
Southern-Style Buttermilk Fried Chicken,Soul Food,480.0,27.0,29.0,29.0,4.2,30,30,180,8.0,0.50625,0.24166666666666667,0.24166666666666667
Jewish Apple Cake,Jewish,394.0,18.0,56.0,5.0,4.8,20,70,90,14.0,0.41116751269035534,0.5685279187817259,0.050761421319796954
Amish Potato Salad,Amish and Mennonite,497.0,31.0,49.0,9.0,4.7,30,20,50,8.0,0.5613682092555332,0.39436619718309857,0.07243460764587525
Cuban Smoked Sausage with Chickpeas,Cuban,510.0,28.0,40.0,25.0,4.5,10,70,80,6.0,0.49411764705882355,0.3137254901960784,0.19607843137254902
Brazilian-Style Carrot Cake with Chocolate Sauce,Brazilian,438.0,16.0,72.0,6.0,3.0,20,43,68,10.0,0.3287671232876712,0.6575342465753424,0.0547945205479452
Breakfast Grits,Soul Food,240.0,9.0,31.0,8.0,4.5,10,20,30,4.0,0.3375,0.5166666666666667,0.13333333333333333
Super Easy Cabbage Stir Fry,Chinese,65.0,4.0,7.0,2.0,4.6,10,5,15,4.0,0.5538461538461539,0.4307692307692308,0.12307692307692308
Fresh Israeli Salad,Israeli,127.0,9.0,10.0,2.0,4.3,30,0,50,3.0,0.6377952755905512,0.31496062992125984,0.06299212598425197
Vegetarian Borscht,Russian,264.0,6.0,44.0,10.0,5.0,15,60,75,6.0,0.20454545454545456,0.6666666666666666,0.15151515151515152
Chef John's Grilled Mojo Beef,Cuban,382.0,23.0,16.0,29.0,4.8,10,8,138,4.0,0.5418848167539267,0.16753926701570682,0.3036649214659686
Jamaican Style Curry Chicken,Canadian,210.0,15.0,6.0,13.0,4.6,10,45,55,4.0,0.6428571428571429,0.11428571428571428,0.24761904761904763
Finnish Oven Pancakes,Finnish,181.0,8.0,21.0,5.0,5.0,10,20,30,8.0,0.39779005524861877,0.46408839779005523,0.11049723756906077
Chef John's Red Beans and Rice,Soul Food,542.0,21.0,63.0,26.0,4.8,30,195,225,8.0,0.34870848708487084,0.46494464944649444,0.1918819188191882
Kwek Kwek (Filipino Street Food),Filipino,150.0,9.0,16.0,2.0,4.3,20,20,60,12.0,0.54,0.4266666666666667,0.05333333333333334
4-Ingredient Orange Chicken,Chinese,615.0,23.0,85.0,20.0,4.2,5,20,25,4.0,0.33658536585365856,0.5528455284552846,0.13008130081300814
Easy Chinese Fried Noodles,Chinese,161.0,13.0,7.0,4.0,4.6,15,25,40,6.0,0.7267080745341615,0.17391304347826086,0.09937888198757763
Super Easy Polish Cabbage Rolls,Polish,273.0,7.0,28.0,25.0,4.3,45,45,90,8.0,0.23076923076923078,0.41025641025641024,0.3663003663003663
Spanish Garlic Shrimp (Gambas al Ajillo),Spanish,227.0,15.0,3.0,19.0,4.6,15,5,20,4.0,0.5947136563876652,0.05286343612334802,0.33480176211453744
Spicy Tex-Mex Salad,Tex-Mex,542.0,33.0,53.0,11.0,4.6,5,0,5,10.0,0.5479704797047971,0.39114391143911437,0.08118081180811808
Almond Cookies (Dim Sum Variety),Australian and New Zealander,173.0,11.0,18.0,2.0,4.9,20,15,35,24.0,0.5722543352601156,0.4161849710982659,0.046242774566473986
Anise Waffle Cookies,Swiss,89.0,3.0,13.0,2.0,4.5,15,30,90,36.0,0.30337078651685395,0.5842696629213483,0.0898876404494382
Swedish Meatballs (Svenska Kottbullar),Scandinavian,309.0,21.0,12.0,17.0,4.8,25,60,95,6.0,0.6116504854368932,0.1553398058252427,0.22006472491909385
Easy New Zealand Squares,Australian and New Zealander,280.0,13.0,42.0,3.0,4.3,20,30,50,9.0,0.41785714285714287,0.6,0.04285714285714286
Banh Mi Burgers,Vietnamese,487.0,27.0,27.0,33.0,4.6,30,10,280,6.0,0.4989733059548255,0.22176591375770022,0.27104722792607805
New York Knish - Yo!,Jewish,232.0,10.0,33.0,4.0,3.9,30,40,70,12.0,0.3879310344827586,0.5689655172413793,0.06896551724137931
Vietnamese Lemongrass Chicken,Vietnamese,308.0,19.0,4.0,29.0,4.8,10,10,40,4.0,0.5551948051948052,0.05194805194805195,0.37662337662337664
Filipino Beef Giniling (Afritada Style),Filipino,488.0,26.0,35.0,29.0,4.9,20,20,40,6.0,0.47950819672131145,0.28688524590163933,0.23770491803278687
Moo Shu Chicken,Chinese,319.0,14.0,17.0,30.0,5.0,20,30,50,4.0,0.3949843260188088,0.21316614420062696,0.3761755485893417
Empanadas Abiertas de Humita (Creamy Corn Empanadas),Argentinian,224.0,9.0,31.0,6.0,4.4,15,23,38,12.0,0.36160714285714285,0.5535714285714286,0.10714285714285714
Kropsua (Finnish Pancake),Finnish,438.0,28.0,36.0,11.0,4.0,10,20,30,4.0,0.5753424657534246,0.3287671232876712,0.1004566210045662
Tortilla Española,Spanish,340.0,16.0,37.0,14.0,4.6,20,25,50,4.0,0.4235294117647059,0.43529411764705883,0.16470588235294117
One-Pot Lebanese Chicken and Rice,Lebanese,680.0,27.0,61.0,44.0,3.3,10,40,50,4.0,0.3573529411764706,0.3588235294117647,0.25882352941176473
Chef John's Patatas Bravas,Spanish,678.0,55.0,43.0,6.0,4.6,25,20,90,4.0,0.7300884955752213,0.2536873156342183,0.035398230088495575
Amish Casserole,Amish and Mennonite,630.0,30.0,57.0,33.0,4.0,20,35,55,6.0,0.42857142857142855,0.3619047619047619,0.20952380952380953
Galette des Rois,French,229.0,15.0,20.0,3.0,4.9,20,30,50,16.0,0.5895196506550219,0.34934497816593885,0.05240174672489083
Chicken Sofrito,Portuguese,515.0,20.0,43.0,36.0,5.0,30,150,180,8.0,0.34951456310679613,0.3339805825242718,0.2796116504854369
Bazlama - Turkish Flat Bread,Turkish,505.0,4.0,100.0,15.0,4.6,30,15,240,4.0,0.07128712871287128,0.7920792079207921,0.1188118811881188
Cajun Blackened Catfish,Cajun and Creole,466.0,43.0,2.0,18.0,4.7,10,10,20,4.0,0.8304721030042919,0.017167381974248927,0.15450643776824036
Chef John's Buttermilk Biscuits,Southern Recipes,143.0,7.0,17.0,3.0,4.7,20,15,35,12.0,0.4405594405594406,0.4755244755244755,0.08391608391608392
Quick and Easy Pancit,Filipino,369.0,5.0,65.0,18.0,4.4,15,15,30,6.0,0.12195121951219512,0.7046070460704607,0.1951219512195122
Vietnamese Caramel Chicken,Vietnamese,464.0,30.0,7.0,39.0,5.0,10,15,35,6.0,0.5818965517241379,0.0603448275862069,0.33620689655172414
Espinacas con Garbanzos (Spinach with Garbanzo Beans),Spanish,169.0,5.0,26.0,7.0,4.5,15,10,25,4.0,0.26627218934911245,0.6153846153846154,0.16568047337278108
Hawaiian Bread I,Australian and New Zealander,169.0,4.0,29.0,4.0,4.5,10,180,190,15.0,0.21301775147928995,0.6863905325443787,0.09467455621301775
Mom's Kimchi Egg,Korean,208.0,19.0,4.0,8.0,4.9,5,5,10,2.0,0.8221153846153846,0.07692307692307693,0.15384615384615385
Polish Egg Salad,Polish,204.0,19.0,3.0,7.0,4.4,10,0,10,6.0,0.8382352941176471,0.058823529411764705,0.13725490196078433
Tex-Mex Turkey Soup,Tex-Mex,684.0,31.0,59.0,46.0,4.8,10,40,50,6.0,0.40789473684210525,0.34502923976608185,0.26900584795321636
Northern Ontario Partridge (Ruffed Grouse),Canadian,484.0,26.0,12.0,30.0,4.5,25,60,85,4.0,0.4834710743801653,0.09917355371900827,0.24793388429752067
Danish Cinnamon Snails,Danish,301.0,15.0,37.0,6.0,4.7,30,10,90,15.0,0.4485049833887043,0.49169435215946844,0.07973421926910298
Potato Soup with Gravlax Rosettes,Danish,331.0,18.0,34.0,12.0,5.0,30,20,55,4.0,0.48942598187311176,0.4108761329305136,0.14501510574018128
Easy Plum Cake,German,304.0,13.0,45.0,4.0,4.8,15,45,60,8.0,0.3848684210526316,0.5921052631578947,0.05263157894736842
Tea Party Sandwiches (Puerto Rican Version),Puerto Rican,340.0,18.0,31.0,12.0,4.8,30,0,30,15.0,0.4764705882352941,0.36470588235294116,0.1411764705882353
Puerto Rican Sancocho,Puerto Rican,424.0,8.0,74.0,19.0,4.6,40,150,190,12.0,0.16981132075471697,0.6981132075471698,0.1792452830188679
Tuscan Salmon,Italian,566.0,40.0,7.0,40.0,4.6,10,15,25,4.0,0.6360424028268551,0.04946996466431095,0.2826855123674912
Jamaican Curried Goat,Jamaican,238.0,8.0,20.0,22.0,4.6,15,105,180,8.0,0.3025210084033613,0.33613445378151263,0.3697478991596639
Shami Kabab (Bun Kabab),Pakistani,259.0,18.0,8.0,16.0,4.7,15,32,47,12.0,0.6254826254826255,0.12355212355212356,0.2471042471042471
Cornish Finnish Michigan Pasties,Finnish,882.0,50.0,76.0,30.0,4.5,0,0,0,8.0,0.5102040816326531,0.34467120181405897,0.1360544217687075
Cheesy Baked Grits,Soul Food,267.0,20.0,15.0,8.0,4.6,15,70,85,12.0,0.6741573033707865,0.2247191011235955,0.1198501872659176
Slow Cooker Creamed Corn,Southern Recipes,193.0,15.0,14.0,3.0,4.6,5,120,125,12.0,0.6994818652849741,0.29015544041450775,0.06217616580310881
Best Apple Crumble,Australian and New Zealander,660.0,31.0,92.0,7.0,4.2,30,75,105,8.0,0.42272727272727273,0.5575757575757576,0.04242424242424243
Tourtiere (French Canadian Meat Pie),Canadian,767.0,47.0,47.0,37.0,4.8,20,120,145,8.0,0.5514993481095176,0.24511082138200782,0.19295958279009126
Chinese Chicken Fried Rice,Chinese,425.0,10.0,48.0,35.0,4.3,25,15,40,7.0,0.21176470588235294,0.45176470588235296,0.32941176470588235
Instant Pot Lebanese Lentil Soup (Shorbat Adas),Lebanese,456.0,9.0,77.0,23.0,4.9,25,25,55,4.0,0.17763157894736842,0.6754385964912281,0.20175438596491227
Baked Swedish Rice Pudding,Swedish,231.0,8.0,33.0,8.0,4.7,10,35,45,8.0,0.3116883116883117,0.5714285714285714,0.13852813852813853
"Big Ray's White Bean, Kale, and Kielbasa Soup",Polish,404.0,20.0,40.0,20.0,4.7,15,30,45,4.0,0.44554455445544555,0.39603960396039606,0.19801980198019803
Puerto Rican Rice and Beans,Puerto Rican,330.0,6.0,51.0,12.0,4.5,15,45,60,10.0,0.16363636363636364,0.6181818181818182,0.14545454545454545
Cathead Biscuits,Soul Food,336.0,12.0,49.0,8.0,4.7,10,15,25,8.0,0.32142857142857145,0.5833333333333334,0.09523809523809523
Norwegian Pfeffernerse,Norwegian,257.0,14.0,32.0,2.0,4.0,0,0,0,30.0,0.490272373540856,0.4980544747081712,0.0311284046692607
Turkish Fish Stew,Turkish,456.0,12.0,53.0,33.0,4.7,15,30,45,4.0,0.23684210526315788,0.4649122807017544,0.2894736842105263
Rose Pavlova Cakes,Australian and New Zealander,81.0,5.0,8.0,1.0,5.0,25,75,150,18.0,0.5555555555555556,0.3950617283950617,0.04938271604938271
Sweet and Sour Pork,Chinese,663.0,35.0,75.0,14.0,4.8,30,30,120,4.0,0.4751131221719457,0.45248868778280543,0.08446455505279035
Fairy Bread,Australian and New Zealander,146.0,8.0,17.0,2.0,4.1,10,0,10,8.0,0.4931506849315068,0.4657534246575342,0.0547945205479452
Torsk (Scandinavian Cod),Danish,670.0,47.0,33.0,30.0,4.4,10,20,30,6.0,0.6313432835820896,0.19701492537313434,0.1791044776119403
Jewish Apple Cake from Bubba's Recipe Box,Jewish,528.0,20.0,83.0,6.0,4.7,30,90,180,12.0,0.3409090909090909,0.6287878787878788,0.045454545454545456
Southern Collard Greens,Soul Food,471.0,34.0,17.0,27.0,4.3,10,180,190,6.0,0.6496815286624203,0.14437367303609341,0.22929936305732485
Oxtails with Gravy,Soul Food,391.0,20.0,5.0,47.0,4.7,10,165,175,6.0,0.46035805626598464,0.05115089514066496,0.48081841432225064
Arroz con Pollo Perunao (Peruvian Rice with Chicken),Peruvian,739.0,30.0,65.0,46.0,4.5,30,90,125,6.0,0.36535859269282817,0.35182679296346414,0.2489851150202977
Malaguena Lemon and Dill Vinaigrette,Spanish,263.0,27.0,4.0,0.0,5.0,15,0,15,8.0,0.9239543726235742,0.060836501901140684,0.0
Authentic Pad Thai,Thai,583.0,21.0,79.0,22.0,4.3,20,20,70,6.0,0.3241852487135506,0.5420240137221269,0.1509433962264151
Indonesian Chicken Skewers with Peanut Sauce (Satay Ayam),Indonesian,326.0,22.0,9.0,25.0,4.6,10,30,100,4.0,0.6073619631901841,0.11042944785276074,0.3067484662576687
Louisiana Shrimp Creole,Cajun and Creole,253.0,9.0,21.0,24.0,4.6,15,20,35,5.0,0.3201581027667984,0.33201581027667987,0.3794466403162055
Vegetarian Bibimbap,Korean,395.0,19.0,45.0,14.0,4.6,30,20,50,3.0,0.43291139240506327,0.45569620253164556,0.14177215189873418
Tomato Bredie,South African,531.0,31.0,25.0,37.0,4.8,30,135,165,6.0,0.5254237288135594,0.18832391713747645,0.2787193973634652
Filipino Chicken Sopas,Filipino,345.0,14.0,35.0,20.0,5.0,10,70,80,6.0,0.3652173913043478,0.4057971014492754,0.2318840579710145
Vegetarian Mexican Lasagna,Tex-Mex,411.0,21.0,40.0,19.0,4.8,20,60,80,12.0,0.45985401459854014,0.38929440389294406,0.18491484184914841
Day After Thanksgiving Turkey Pho,Vietnamese,755.0,27.0,100.0,24.0,4.8,15,135,150,4.0,0.3218543046357616,0.5298013245033113,0.1271523178807947
Amish Butter and Egg Dinner Rolls,Amish and Mennonite,172.0,5.0,28.0,4.0,4.0,30,20,160,12.0,0.2616279069767442,0.6511627906976745,0.09302325581395349
Linzer Cookies,Austrian,82.0,3.0,13.0,1.0,4.5,20,10,120,32.0,0.32926829268292684,0.6341463414634146,0.04878048780487805
Pastitsio,Greek,556.0,36.0,22.0,34.0,4.6,20,90,120,10.0,0.5827338129496403,0.15827338129496402,0.2446043165467626
Chef John's Swedish Meatballs,Scandinavian,479.0,36.0,10.0,28.0,4.6,30,45,135,6.0,0.6764091858037579,0.08350730688935282,0.23382045929018788
Speculaas Cookies,Dutch,163.0,8.0,21.0,2.0,4.8,20,10,30,24.0,0.44171779141104295,0.5153374233128835,0.049079754601226995
Carne Guisada,Puerto Rican,677.0,47.0,19.0,45.0,4.7,15,120,135,4.0,0.6248153618906942,0.11225997045790251,0.2658788774002954
Stuffed Breast of Veal,Jewish,261.0,12.0,15.0,23.0,3.9,45,0,45,15.0,0.41379310344827586,0.22988505747126436,0.3524904214559387
Vietnamese Pork and Five Spice,Vietnamese,288.0,16.0,4.0,30.0,4.1,10,130,140,8.0,0.5,0.05555555555555555,0.4166666666666667
Peruvian Chicken Soup (Aguadito de Pollo),Peruvian,391.0,15.0,45.0,19.0,4.5,40,50,90,8.0,0.3452685421994885,0.46035805626598464,0.19437340153452684
Sinigang na Isda sa Miso (Fish Stew with Miso),Filipino,404.0,11.0,24.0,53.0,4.5,30,20,50,4.0,0.24504950495049505,0.2376237623762376,0.5247524752475248
Andouille Sausage,Cajun and Creole,482.0,46.0,1.0,16.0,4.6,20,15,95,24.0,0.8589211618257261,0.008298755186721992,0.13278008298755187
Coquito,Puerto Rican,354.0,14.0,46.0,7.0,4.8,5,10,15,10.0,0.3559322033898305,0.519774011299435,0.07909604519774012
Macarons (French Macaroons),French,92.0,1.0,18.0,3.0,4.3,30,10,130,16.0,0.09782608695652174,0.782608695652174,0.13043478260869565
Lemon Chicken Orzo Soup,Greek,167.0,4.0,22.0,12.0,4.8,20,30,50,12.0,0.2155688622754491,0.5269461077844312,0.2874251497005988
Puerto Rican Canned Corned Beef Stew,Puerto Rican,354.0,21.0,15.0,26.0,4.8,5,25,30,4.0,0.5338983050847458,0.1694915254237288,0.2937853107344633
Spanish Cod,Spanish,170.0,7.0,7.0,21.0,4.5,20,15,35,6.0,0.37058823529411766,0.16470588235294117,0.49411764705882355
Thai Red Chicken Curry,Thai,271.0,16.0,11.0,25.0,3.9,10,10,20,4.0,0.5313653136531366,0.16236162361623616,0.36900369003690037
Matzo Brei,Jewish,222.0,10.0,24.0,9.0,4.5,10,5,15,1.0,0.40540540540540543,0.43243243243243246,0.16216216216216217
Loukoumades,Greek,167.0,7.0,24.0,3.0,4.7,10,15,90,25.0,0.3772455089820359,0.5748502994011976,0.0718562874251497
Arabic Fattoush Salad,Lebanese,169.0,9.0,19.0,5.0,4.7,25,5,30,4.0,0.47928994082840237,0.44970414201183434,0.11834319526627218
Authentic Lebanese Fattoush,Lebanese,235.0,2.0,49.0,9.0,4.4,15,5,20,4.0,0.07659574468085106,0.8340425531914893,0.15319148936170213
Simple Swedish Pancakes,Swedish,228.0,7.0,30.0,12.0,4.3,10,2,12,4.0,0.27631578947368424,0.5263157894736842,0.21052631578947367
Wonton Soup,Chinese,195.0,6.0,21.0,13.0,4.7,30,10,65,6.0,0.27692307692307694,0.4307692307692308,0.26666666666666666
Mardi Gras King Cake,Southern Recipes,437.0,14.0,73.0,7.0,4.7,40,35,240,16.0,0.28832951945080093,0.6681922196796338,0.06407322654462243
Thai Chicken,Thai,466.0,21.0,17.0,53.0,3.8,20,45,125,4.0,0.4055793991416309,0.1459227467811159,0.45493562231759654
Chicken and Sausage Jambalaya,Cajun and Creole,623.0,40.0,29.0,37.0,4.2,20,45,70,6.0,0.5778491171749599,0.18619582664526485,0.2375601926163724
Portuguese Sweet Rice,Portuguese,296.0,5.0,53.0,10.0,4.5,5,60,65,8.0,0.15202702702702703,0.7162162162162162,0.13513513513513514
Broccoli and Carrot Stir Fry,Chinese,90.0,6.0,8.0,3.0,4.6,10,16,26,5.0,0.6,0.35555555555555557,0.13333333333333333
Amish Buttermilk Biscuits,Amish and Mennonite,223.0,9.0,30.0,5.0,4.9,10,15,25,7.0,0.3632286995515695,0.5381165919282511,0.08968609865470852
Horseradish Beets (Chrin),Russian,84.0,1.0,20.0,2.0,4.2,10,0,10,10.0,0.10714285714285714,0.9523809523809523,0.09523809523809523
Maria's Paella,Spanish,814.0,30.0,87.0,47.0,4.5,30,40,70,6.0,0.3316953316953317,0.4275184275184275,0.23095823095823095
Perfect Fried Green Tomatoes,Southern Recipes,443.0,23.0,52.0,8.0,4.9,20,10,40,5.0,0.4672686230248307,0.46952595936794583,0.07223476297968397
Filipino Lechon Kawali,Filipino,502.0,45.0,2.0,21.0,4.8,10,45,70,4.0,0.8067729083665338,0.01593625498007968,0.16733067729083664
Chef John's Sausage & Shrimp Jambalaya,Cajun and Creole,495.0,25.0,37.0,30.0,4.7,15,60,75,4.0,0.45454545454545453,0.298989898989899,0.24242424242424243
Finnish Nissua,Finnish,216.0,5.0,37.0,6.0,4.6,40,30,200,30.0,0.20833333333333334,0.6851851851851852,0.1111111111111111
Indonesian Satay,Indonesian,329.0,18.0,12.0,31.0,4.6,25,20,60,6.0,0.49240121580547114,0.1458966565349544,0.3768996960486322
Cazuela de Vaca (Beef and Pumpkin Stew),Chilean,314.0,11.0,35.0,22.0,4.7,30,135,165,6.0,0.31528662420382164,0.445859872611465,0.2802547770700637
Kachumbari,South African,124.0,8.0,15.0,3.0,5.0,15,0,55,4.0,0.5806451612903226,0.4838709677419355,0.0967741935483871
Schupfnudeln (German Fried Potato Dumplings),German,286.0,6.0,50.0,8.0,3.5,20,45,65,6.0,0.1888111888111888,0.6993006993006993,0.11188811188811189
Tuscan Chicken Casserole,Italian,597.0,40.0,13.0,48.0,4.7,20,20,40,4.0,0.6030150753768844,0.08710217755443886,0.32160804020100503
Turmeric Golden Milk with Turmeric Paste,Indian,150.0,6.0,22.0,2.0,5.0,5,20,40,2.0,0.36,0.5866666666666667,0.05333333333333334
Paneer Butter Masala,Indian,469.0,41.0,15.0,11.0,4.9,10,20,30,4.0,0.7867803837953091,0.1279317697228145,0.09381663113006397
Kookoo Sabzi (Fresh Herb Frittata),Persian,238.0,21.0,7.0,8.0,5.0,30,25,65,8.0,0.7941176470588235,0.11764705882352941,0.13445378151260504
Russian Cheese Pancakes (Syrniki),Russian,151.0,7.0,16.0,8.0,5.0,10,10,20,5.0,0.41721854304635764,0.423841059602649,0.2119205298013245
Vietnamese Lemongrass Chicken Curry,Vietnamese,813.0,58.0,5.0,64.0,4.1,15,25,40,4.0,0.6420664206642066,0.024600246002460024,0.3148831488314883
"Portuguese Chourico, Beans, and Rice",Portuguese,722.0,24.0,109.0,19.0,4.4,10,30,40,2.0,0.29916897506925205,0.6038781163434903,0.10526315789473684
Souvlaki,Greek,189.0,8.0,4.0,24.0,4.8,30,10,160,12.0,0.38095238095238093,0.08465608465608465,0.5079365079365079
Portuguese Sausage and Kale Soup (Caldo Verde),Portuguese,586.0,37.0,35.0,28.0,4.5,25,45,70,8.0,0.568259385665529,0.23890784982935154,0.19112627986348124
Pork Scallopini,Italian,627.0,43.0,30.0,33.0,4.5,15,20,35,4.0,0.6172248803827751,0.19138755980861244,0.21052631578947367
Pho Ga Soup,Vietnamese,231.0,5.0,32.0,14.0,4.5,15,15,30,6.0,0.19480519480519481,0.5541125541125541,0.24242424242424243
Apfelkuchen (Apple Cake),German,370.0,14.0,57.0,5.0,4.8,20,35,85,12.0,0.34054054054054056,0.6162162162162163,0.05405405405405406
Ba'corn Cheese Corn,Korean,268.0,17.0,22.0,11.0,4.8,15,25,40,10.0,0.5708955223880597,0.3283582089552239,0.16417910447761194
Rugelach,Jewish,102.0,7.0,8.0,1.0,4.8,40,25,145,48.0,0.6176470588235294,0.3137254901960784,0.0392156862745098
Tanya's Jamaican Spice Bread,Jamaican,245.0,5.0,47.0,3.0,4.7,25,65,150,20.0,0.1836734693877551,0.7673469387755102,0.04897959183673469
Aebleskiver (Danish Pancakes),Danish,127.0,5.0,18.0,4.0,4.1,5,5,10,7.0,0.3543307086614173,0.5669291338582677,0.12598425196850394
Butter Chicken (Murgh Makhani),Indian,552.0,38.0,22.0,33.0,4.8,20,40,60,4.0,0.6195652173913043,0.15942028985507245,0.2391304347826087
Bolo de Fuba Cremoso (Creamy Cornmeal Cake),Brazilian,532.0,22.0,76.0,12.0,3.1,10,30,40,8.0,0.37218045112781956,0.5714285714285714,0.09022556390977443
Korean Banana Milk,Korean,243.0,4.0,47.0,5.0,4.1,5,0,5,1.0,0.14814814814814814,0.7736625514403292,0.0823045267489712
Sausage and Pepper Penne,Canadian,638.0,22.0,85.0,27.0,4.9,15,20,35,6.0,0.3103448275862069,0.5329153605015674,0.16927899686520376
German Rhubarb Almond Cake,German,608.0,30.0,77.0,10.0,4.8,15,75,150,8.0,0.4440789473684211,0.506578947368421,0.06578947368421052
Persian Saffron Chicken,Persian,320.0,21.0,5.0,28.0,4.6,15,35,60,4.0,0.590625,0.0625,0.35
Polish Chicken and Dumplings,Polish,704.0,34.0,53.0,43.0,4.5,30,180,210,8.0,0.4346590909090909,0.30113636363636365,0.24431818181818182
Danish Red Cabbage,Danish,120.0,4.0,21.0,2.0,4.6,15,65,80,6.0,0.3,0.7,0.06666666666666667
Colombian Ahuyama Soup,Colombian,88.0,3.0,15.0,2.0,3.8,20,20,40,10.0,0.3068181818181818,0.6818181818181818,0.09090909090909091
Mahalabia (Lebanese Cardamom Pudding),Lebanese,214.0,5.0,39.0,5.0,4.0,10,15,235,5.0,0.2102803738317757,0.7289719626168224,0.09345794392523364
Lebanese Fattoush (Bread Salad),Lebanese,241.0,14.0,26.0,5.0,4.7,20,5,26,4.0,0.5228215767634855,0.4315352697095436,0.08298755186721991
Peanut Butter Noodles,Thai,330.0,12.0,47.0,11.0,4.5,15,10,25,4.0,0.32727272727272727,0.5696969696969697,0.13333333333333333
Anzac Biscuits,Australian and New Zealander,90.0,5.0,11.0,1.0,4.3,15,15,30,22.0,0.5,0.4888888888888889,0.044444444444444446
Soul Smothered Chicken,Soul Food,372.0,23.0,22.0,19.0,4.7,15,60,75,8.0,0.5564516129032258,0.23655913978494625,0.20430107526881722
Finnish Blueberry Pie,Finnish,310.0,13.0,47.0,4.0,4.7,35,25,60,12.0,0.3774193548387097,0.6064516129032258,0.05161290322580645
Yazdi Cakes,Persian,215.0,14.0,20.0,3.0,4.7,15,25,40,24.0,0.586046511627907,0.37209302325581395,0.05581395348837209
Real Hummus,Greek,54.0,3.0,7.0,2.0,4.6,15,0,15,20.0,0.5,0.5185185185185185,0.14814814814814814
Danish Oven Pancake (Aeggekage),Danish,361.0,20.0,34.0,12.0,4.4,20,20,70,8.0,0.4986149584487535,0.3767313019390582,0.1329639889196676
Italian Steak Pizzaiola,Italian,477.0,33.0,12.0,30.0,4.5,5,20,25,4.0,0.6226415094339622,0.10062893081761007,0.25157232704402516
Baked Sweet and Sour Chicken Thighs with Pineapple,Chinese,463.0,14.0,45.0,44.0,4.6,15,15,30,2.0,0.27213822894168466,0.38876889848812096,0.3801295896328294
Cordon Bleu Chicken Rolls,French,490.0,25.0,14.0,50.0,4.6,30,40,70,6.0,0.45918367346938777,0.11428571428571428,0.40816326530612246
Chicken Pastina,Italian,320.0,19.0,24.0,13.0,3.5,5,10,15,2.0,0.534375,0.3,0.1625
Egg and Potato Curry,Bangladeshi,671.0,39.0,56.0,27.0,4.0,25,30,55,2.0,0.5230998509687034,0.33383010432190763,0.16095380029806258
Passover Matzo Lasagna,Jewish,242.0,9.0,23.0,16.0,4.6,20,30,50,12.0,0.3347107438016529,0.38016528925619836,0.2644628099173554
Kibbee Lebanese Style,Lebanese,417.0,29.0,17.0,22.0,4.6,15,30,45,4.0,0.6258992805755396,0.1630695443645084,0.21103117505995203
Light and Easy Greek Potato Salad,Greek,105.0,7.0,10.0,1.0,4.7,30,25,85,8.0,0.6,0.38095238095238093,0.0380952380952381
No-Bake Cannoli Pie,Italian,664.0,50.0,46.0,11.0,4.8,20,0,260,10.0,0.677710843373494,0.27710843373493976,0.06626506024096386
Easy Spoon Bread,Southern Recipes,225.0,10.0,27.0,8.0,4.0,15,45,60,6.0,0.4,0.48,0.14222222222222222
Adobong Pusit (Squid Adobo),Filipino,198.0,7.0,3.0,28.0,4.1,10,35,45,5.0,0.3181818181818182,0.06060606060606061,0.5656565656565656
Frozen Lemon Pavlova,Australian and New Zealander,476.0,17.0,77.0,8.0,4.5,30,15,180,8.0,0.32142857142857145,0.6470588235294118,0.06722689075630252
Quick Beef Stir-Fry,Chinese,268.0,16.0,9.0,23.0,4.5,15,10,25,4.0,0.5373134328358209,0.13432835820895522,0.34328358208955223
Vegetarian Korma,Indian,462.0,31.0,41.0,9.0,4.6,25,30,55,4.0,0.6038961038961039,0.354978354978355,0.07792207792207792
Amish Macaroni Salad,Amish and Mennonite,532.0,25.0,66.0,9.0,4.5,15,10,85,6.0,0.42293233082706766,0.49624060150375937,0.06766917293233082
Ayam Bakar (Indonesian Grilled Chicken),Indonesian,464.0,28.0,18.0,38.0,5.0,25,45,70,6.0,0.5431034482758621,0.15517241379310345,0.3275862068965517
Thai Chicken Curry in Coconut Milk,Thai,269.0,12.0,6.0,31.0,4.1,25,10,35,4.0,0.40148698884758366,0.08921933085501858,0.46096654275092935
Delicious Easy Chicken Francese,French,395.0,18.0,20.0,35.0,4.3,25,25,50,4.0,0.41012658227848103,0.20253164556962025,0.35443037974683544
Easy Mochi,Japanese,183.0,0.0,43.0,3.0,4.4,30,5,95,8.0,0.0,0.9398907103825137,0.06557377049180328
Vietnamese Stir-Fry,Vietnamese,475.0,34.0,9.0,32.0,4.3,30,25,175,6.0,0.6442105263157895,0.07578947368421053,0.2694736842105263
Chinese Pork Dumplings,Chinese,540.0,25.0,50.0,28.0,4.8,20,60,80,5.0,0.4166666666666667,0.37037037037037035,0.2074074074074074
Greek Baklava,Greek,393.0,26.0,38.0,6.0,4.8,25,50,75,18.0,0.5954198473282443,0.38676844783715014,0.061068702290076333
Mongolian Beef and Spring Onions,Chinese,391.0,12.0,55.0,18.0,4.6,15,10,35,4.0,0.27621483375959077,0.5626598465473146,0.18414322250639387
Chocolate Black Tea Cake,Austrian,421.0,24.0,49.0,7.0,4.2,20,60,80,12.0,0.5130641330166271,0.4655581947743468,0.0665083135391924
Blackened Salmon Fillets,Cajun and Creole,511.0,38.0,5.0,37.0,4.7,15,10,25,4.0,0.6692759295499021,0.03913894324853229,0.2896281800391389
Slow Cooker Reuben Dip,Jewish,298.0,23.0,6.0,18.0,4.6,5,45,50,12.0,0.6946308724832215,0.08053691275167785,0.24161073825503357
Yellow Rice with Vegetables,Spanish,206.0,1.0,43.0,4.0,4.7,15,35,50,6.0,0.043689320388349516,0.8349514563106796,0.07766990291262135
Sole Meuniere,French,485.0,28.0,25.0,33.0,5.0,10,10,20,4.0,0.5195876288659794,0.20618556701030927,0.2721649484536082
Tex-Mex Chicken Casserole,Tex-Mex,480.0,30.0,31.0,24.0,4.4,15,65,90,8.0,0.5625,0.25833333333333336,0.2
Vietnamese Eggplant with Spicy Sauce,Vietnamese,273.0,21.0,22.0,3.0,5.0,25,11,36,2.0,0.6923076923076923,0.32234432234432236,0.04395604395604396
Swedish Meatballs (From a Swede!),Swedish,69.0,6.0,1.0,4.0,4.3,20,30,50,24.0,0.782608695652174,0.057971014492753624,0.2318840579710145
Pâte Sucrée,French,324.0,18.0,37.0,4.0,4.0,20,0,275,12.0,0.5,0.4567901234567901,0.04938271604938271
Hoppin’ John,Southern Recipes,212.0,4.0,33.0,13.0,4.8,15,30,45,8.0,0.16981132075471697,0.6226415094339622,0.24528301886792453
Chicken Fra Diavolo,Italian,413.0,26.0,7.0,38.0,4.9,15,60,75,6.0,0.5665859564164649,0.06779661016949153,0.36803874092009686
Lomo Saltado (Peruvian Steak Stir-Fry),Peruvian,585.0,34.0,42.0,30.0,4.9,30,20,110,4.0,0.5230769230769231,0.28717948717948716,0.20512820512820512
Good New Orleans Creole Gumbo,Cajun and Creole,283.0,17.0,12.0,21.0,4.9,60,160,220,20.0,0.5406360424028268,0.1696113074204947,0.2968197879858657
Pear Tarte Tatin,French,444.0,22.0,58.0,4.0,5.0,30,55,100,8.0,0.44594594594594594,0.5225225225225225,0.036036036036036036
Seven Layer Tex Mex Dip,Tex-Mex,221.0,17.0,11.0,8.0,4.7,15,0,15,12.0,0.6923076923076923,0.19909502262443438,0.14479638009049775
Dessert Crepes,French,164.0,8.0,17.0,6.0,4.8,10,20,30,8.0,0.43902439024390244,0.4146341463414634,0.14634146341463414
Klupskies (Polish Burgers),Polish,270.0,15.0,11.0,22.0,4.4,15,20,35,4.0,0.5,0.16296296296296298,0.32592592592592595
Tzimmes,Jewish,129.0,3.0,27.0,2.0,4.8,15,35,50,6.0,0.20930232558139536,0.8372093023255814,0.06201550387596899
Arroz con Leche,Cuban,325.0,6.0,59.0,8.0,4.4,10,40,50,10.0,0.16615384615384615,0.7261538461538461,0.09846153846153846
Passover Rolls,Jewish,312.0,22.0,23.0,8.0,4.4,25,50,90,6.0,0.6346153846153846,0.2948717948717949,0.10256410256410256
Vietnamese Beef and Red Cabbage Bowl,Vietnamese,410.0,27.0,23.0,24.0,4.4,25,5,30,4.0,0.5926829268292683,0.22439024390243903,0.23414634146341465
Greek Lemon Chicken and Potato Bake,Canadian,551.0,29.0,42.0,35.0,4.6,10,60,70,4.0,0.47368421052631576,0.30490018148820325,0.2540834845735027
Chimichurri Muy Pefecto,Argentinian,336.0,36.0,4.0,1.0,4.3,10,0,10,6.0,0.9642857142857143,0.047619047619047616,0.011904761904761904
Southern Fried Chicken,Soul Food,491.0,32.0,16.0,33.0,4.7,15,20,80,4.0,0.5865580448065173,0.13034623217922606,0.26883910386965376
Danish Cabbage,Danish,126.0,8.0,12.0,4.0,3.9,10,24,34,6.0,0.5714285714285714,0.38095238095238093,0.12698412698412698
Swedish Cream with Summer Berries,Swedish,357.0,28.0,22.0,3.0,4.5,10,5,15,8.0,0.7058823529411765,0.24649859943977592,0.03361344537815126
Tropical Hawaiian Wedding Cake,Australian and New Zealander,297.0,9.0,52.0,5.0,4.6,10,35,45,12.0,0.2727272727272727,0.7003367003367004,0.06734006734006734
Bread Machine Challah,Jewish,182.0,7.0,26.0,4.0,4.5,30,20,115,20.0,0.34615384615384615,0.5714285714285714,0.08791208791208792
Khao Soi Soup,Thai,726.0,49.0,58.0,21.0,5.0,30,30,75,6.0,0.6074380165289256,0.31955922865013775,0.11570247933884298
Indonesian Spiced Rice,Indonesian,226.0,6.0,40.0,4.0,4.6,10,30,45,8.0,0.23893805309734514,0.7079646017699115,0.07079646017699115
Arroz Tapado (Rice-On-Top),Peruvian,510.0,18.0,63.0,23.0,4.4,20,55,90,6.0,0.3176470588235294,0.49411764705882355,0.1803921568627451
Goat Stew,Filipino,272.0,7.0,27.0,26.0,4.7,30,70,160,4.0,0.23161764705882354,0.39705882352941174,0.38235294117647056
Pandan Chiffon Cake,Filipino,227.0,12.0,24.0,6.0,5.0,15,45,60,8.0,0.47577092511013214,0.42290748898678415,0.10572687224669604
Greek Horiatiki Salad,Greek,233.0,18.0,14.0,7.0,5.0,10,0,30,4.0,0.6952789699570815,0.24034334763948498,0.12017167381974249
Amish Cinnamon Bread,Amish and Mennonite,155.0,9.0,18.0,2.0,4.5,10,60,70,36.0,0.5225806451612903,0.4645161290322581,0.05161290322580645
Traditional Gyro Meat,Greek,258.0,17.0,1.0,24.0,4.6,15,60,135,10.0,0.5930232558139535,0.015503875968992248,0.37209302325581395
Authentic Saag Paneer,Indian,299.0,20.0,18.0,17.0,4.6,15,45,60,4.0,0.6020066889632107,0.2408026755852843,0.22742474916387959
Russian Green Bean and Potato Soup,Russian,222.0,7.0,36.0,6.0,4.5,25,30,55,6.0,0.28378378378378377,0.6486486486486487,0.10810810810810811
Danish Pastry Apple Bars,Danish,356.0,18.0,47.0,4.0,4.6,30,60,90,12.0,0.4550561797752809,0.5280898876404494,0.0449438202247191
Champorado,Filipino,428.0,25.0,53.0,5.0,4.6,5,25,30,6.0,0.5257009345794392,0.4953271028037383,0.04672897196261682
Hasselback Potatoes,Scandinavian,247.0,7.0,41.0,6.0,4.4,20,55,75,4.0,0.2550607287449393,0.6639676113360324,0.09716599190283401
Malaysian Red Curry Thighs,Malaysian,354.0,28.0,6.0,21.0,4.7,15,45,60,8.0,0.711864406779661,0.06779661016949153,0.23728813559322035
Spicy Peruvian Pork,Peruvian,444.0,31.0,11.0,30.0,3.8,15,45,120,4.0,0.6283783783783784,0.0990990990990991,0.2702702702702703
Christmas Stollen,German,178.0,7.0,29.0,2.0,4.7,30,40,170,15.0,0.3539325842696629,0.651685393258427,0.0449438202247191
Greek Spanakopita,Greek,246.0,18.0,16.0,5.0,4.8,30,60,90,27.0,0.6585365853658537,0.2601626016260163,0.08130081300813008
Budin (Puerto Rican Bread Pudding),Puerto Rican,488.0,16.0,75.0,13.0,4.9,30,90,300,10.0,0.29508196721311475,0.6147540983606558,0.10655737704918032
Brown Spanish Rice,Tex-Mex,156.0,1.0,32.0,4.0,4.2,0,65,65,6.0,0.057692307692307696,0.8205128205128205,0.10256410256410256
Nong's Khao Man Gai,Thai,589.0,19.0,71.0,31.0,4.7,60,45,105,6.0,0.2903225806451613,0.48217317487266553,0.21052631578947367
Telur Balado (Spicy Chile Sauce with Eggs),Indonesian,237.0,17.0,13.0,9.0,4.4,15,20,35,6.0,0.6455696202531646,0.21940928270042195,0.1518987341772152
Southern Pimento Cheese,Southern Recipes,208.0,20.0,2.0,6.0,4.8,15,0,15,12.0,0.8653846153846154,0.038461538461538464,0.11538461538461539
Pepperoni Casserole,Italian,694.0,34.0,54.0,41.0,4.6,15,40,55,8.0,0.4409221902017291,0.3112391930835735,0.23631123919308358
Mochi Muffins,Japanese,216.0,6.0,38.0,3.0,4.2,10,40,60,12.0,0.25,0.7037037037037037,0.05555555555555555
Instant Pot Baked Beans,Canadian,321.0,15.0,36.0,11.0,4.8,15,70,125,12.0,0.4205607476635514,0.4485981308411215,0.13707165109034267
Japanese Beef Stir-Fry,Japanese,290.0,8.0,26.0,26.0,4.6,30,15,45,8.0,0.2482758620689655,0.3586206896551724,0.3586206896551724
Eclairs,French,476.0,28.0,49.0,8.0,4.5,30,50,80,9.0,0.5294117647058824,0.4117647058823529,0.06722689075630252
Air-Fried Korean Chicken Wings,Korean,347.0,12.0,45.0,16.0,4.8,10,40,50,4.0,0.3112391930835735,0.5187319884726225,0.1844380403458213
Easy Brazilian Black Bean Stew,Brazilian,117.0,1.0,19.0,8.0,4.9,15,20,35,8.0,0.07692307692307693,0.6495726495726496,0.27350427350427353
Japanese-Style Deep-Fried Shrimp,Japanese,630.0,37.0,54.0,28.0,4.8,10,15,25,4.0,0.5285714285714286,0.34285714285714286,0.17777777777777778
Smothered Cabbage,Southern Recipes,157.0,9.0,9.0,10.0,4.7,15,180,215,8.0,0.5159235668789809,0.22929936305732485,0.25477707006369427
Easy King Ranch Chicken Casserole,Tex-Mex,375.0,17.0,28.0,28.0,4.4,30,30,60,8.0,0.408,0.2986666666666667,0.2986666666666667
Simple Stovetop Amish Chicken,Amish and Mennonite,658.0,25.0,67.0,40.0,4.3,15,60,75,6.0,0.34194528875379937,0.4072948328267477,0.24316109422492402
Instant Pot Tonkotsu Ramen Broth,Japanese,436.0,37.0,11.0,15.0,3.8,20,90,120,4.0,0.7637614678899083,0.10091743119266056,0.13761467889908258
Shrimp Biryani,Indian,294.0,15.0,25.0,15.0,5.0,20,45,65,6.0,0.45918367346938777,0.3401360544217687,0.20408163265306123
Aargau Carrot Cake,Swiss,192.0,9.0,26.0,5.0,4.2,30,45,75,12.0,0.421875,0.5416666666666666,0.10416666666666667
Jansson's Temptation (Janssons Frestelse),Scandinavian,326.0,19.0,34.0,7.0,4.4,30,45,75,8.0,0.5245398773006135,0.4171779141104294,0.08588957055214724
Greek Lemon Chicken Soup,Greek,124.0,7.0,9.0,8.0,4.6,20,30,50,16.0,0.5080645161290323,0.2903225806451613,0.25806451612903225
Best Fried Green Tomatoes,Southern Recipes,510.0,27.0,56.0,13.0,4.8,5,15,20,4.0,0.4764705882352941,0.4392156862745098,0.10196078431372549
Easy Shrimp Mozambique,Portuguese,227.0,13.0,7.0,20.0,4.6,15,15,30,4.0,0.5154185022026432,0.12334801762114538,0.3524229074889868
Aranitas (Shredded Green Plantain Patties),Puerto Rican,256.0,17.0,29.0,1.0,5.0,10,10,20,4.0,0.59765625,0.453125,0.015625
Carrie's Pad Thai Salad,Thai,807.0,35.0,109.0,17.0,4.9,20,10,40,4.0,0.3903345724907063,0.540272614622057,0.08426270136307311
Natillas (Spanish Custard),Spanish,187.0,9.0,18.0,9.0,5.0,5,25,150,4.0,0.43315508021390375,0.3850267379679144,0.1925133689839572
Adas Polo (Persian Rice and Lentils),Persian,537.0,8.0,100.0,18.0,4.7,20,75,275,8.0,0.1340782122905028,0.74487895716946,0.1340782122905028
Pakistani Chicken Karahi,Pakistani,429.0,33.0,10.0,23.0,4.3,30,35,65,6.0,0.6923076923076923,0.09324009324009325,0.21445221445221446
Strassburgare,Swedish,75.0,5.0,7.0,1.0,4.5,20,10,45,36.0,0.6,0.37333333333333335,0.05333333333333334
Brazilian-Style Moist Coconut Cake,Brazilian,540.0,17.0,90.0,10.0,4.0,20,40,240,12.0,0.2833333333333333,0.6666666666666666,0.07407407407407407
Irresistible Whole Wheat Challah,Jewish,215.0,8.0,33.0,6.0,4.5,30,30,160,16.0,0.33488372093023255,0.6139534883720931,0.11162790697674418
Baked Chicken Reuben,Polish,446.0,28.0,17.0,33.0,3.9,5,90,95,6.0,0.5650224215246636,0.15246636771300448,0.29596412556053814
Greek Chicken,Greek,412.0,31.0,4.0,31.0,4.7,10,30,160,8.0,0.6771844660194175,0.038834951456310676,0.30097087378640774
Apple Walnut Canadian Butter Tarts,Canadian,344.0,22.0,35.0,4.0,4.9,30,10,70,12.0,0.5755813953488372,0.4069767441860465,0.046511627906976744
Greek Beef Stuffed Onions (Salantourmasi),Greek,428.0,25.0,26.0,26.0,4.8,30,170,240,6.0,0.5257009345794392,0.24299065420560748,0.24299065420560748
New Mom Broccoli Kugel,Jewish,261.0,24.0,9.0,6.0,4.6,10,110,120,9.0,0.8275862068965517,0.13793103448275862,0.09195402298850575
Chimichurri Marinade,Argentinian,258.0,27.0,3.0,1.0,4.5,15,0,15,8.0,0.9418604651162791,0.046511627906976744,0.015503875968992248
Char Siu (Chinese BBQ Pork),Chinese,483.0,9.0,54.0,44.0,4.5,10,35,165,4.0,0.16770186335403728,0.4472049689440994,0.36438923395445133
Cuban Mini Melts,Cuban,208.0,11.0,16.0,12.0,5.0,15,10,25,10.0,0.47596153846153844,0.3076923076923077,0.23076923076923078
Wet-Bottom Shoofly Pie,Amish and Mennonite,407.0,12.0,73.0,5.0,3.6,30,40,70,8.0,0.26535626535626533,0.7174447174447175,0.04914004914004914
Viennese Chocolate-Nut Cake,Austrian,512.0,33.0,51.0,6.0,4.0,20,60,90,10.0,0.580078125,0.3984375,0.046875
Authentic Chimichurri,Argentinian,133.0,14.0,1.0,0.0,5.0,10,0,10,8.0,0.9473684210526315,0.03007518796992481,0.0
A Jerky Chicken,Jamaican,197.0,3.0,14.0,29.0,4.4,60,15,75,4.0,0.13705583756345177,0.28426395939086296,0.5888324873096447
Boscobel Beach Ginger Cake,Jamaican,362.0,18.0,46.0,6.0,4.5,30,45,85,12.0,0.44751381215469616,0.5082872928176796,0.06629834254143646
Zucchini with Dill Weed and Garlic-Yogurt Sauce,Turkish,292.0,16.0,30.0,10.0,4.2,20,30,70,4.0,0.4931506849315068,0.410958904109589,0.136986301369863
Apple Cinnamon Oatmeal Muffins,Canadian,196.0,7.0,30.0,4.0,4.6,20,15,35,12.0,0.32142857142857145,0.6122448979591837,0.08163265306122448
Lentil Stew,Spanish,347.0,11.0,45.0,17.0,4.2,15,35,50,12.0,0.28530259365994237,0.5187319884726225,0.19596541786743515
Rich and Creamy Potatoes au Gratin,French,352.0,20.0,32.0,12.0,4.5,20,70,90,8.0,0.5113636363636364,0.36363636363636365,0.13636363636363635
Jamaican Cornmeal Porridge,Jamaican,536.0,15.0,96.0,7.0,5.0,5,15,25,1.0,0.251865671641791,0.7164179104477612,0.05223880597014925
Simple Chopped Liver,Jewish,121.0,7.0,3.0,11.0,4.5,25,20,170,8.0,0.5206611570247934,0.09917355371900827,0.36363636363636365
Amish Peach Dumplings,Amish and Mennonite,190.0,2.0,41.0,3.0,4.2,15,30,45,8.0,0.09473684210526316,0.8631578947368421,0.06315789473684211
Shrimp with Lobster Sauce,Chinese,308.0,20.0,5.0,26.0,4.4,5,20,25,4.0,0.5844155844155844,0.06493506493506493,0.33766233766233766
Norwegian Sour Cream and Raisin Pie,Norwegian,347.0,15.0,52.0,4.0,4.4,10,50,60,8.0,0.38904899135446686,0.5994236311239193,0.04610951008645533
Chef John's Rocky Road,Australian and New Zealander,181.0,12.0,18.0,4.0,4.4,20,10,180,16.0,0.5966850828729282,0.39779005524861877,0.08839779005524862
One Pot Tuscan Shrimp and Orzo,Italian,343.0,13.0,29.0,28.0,4.5,15,25,40,6.0,0.34110787172011664,0.33819241982507287,0.32653061224489793
Spinach and Cauliflower Bhaji,Pakistani,253.0,15.0,27.0,9.0,4.6,20,20,40,4.0,0.5335968379446641,0.4268774703557312,0.1422924901185771
Vegetarian Moussaka,Greek,240.0,12.0,26.0,10.0,4.4,30,95,155,8.0,0.45,0.43333333333333335,0.16666666666666666
Namoora (Basboosa),Lebanese,286.0,3.0,63.0,4.0,4.0,20,30,110,16.0,0.0944055944055944,0.8811188811188811,0.055944055944055944
Alfajor Cake,Argentinian,506.0,19.0,76.0,9.0,4.6,30,15,195,8.0,0.33794466403162055,0.6007905138339921,0.07114624505928854
Pennsylvania Dutch Corn Pie,Amish and Mennonite,423.0,19.0,57.0,10.0,4.4,30,55,85,8.0,0.40425531914893614,0.5390070921985816,0.09456264775413711
Haroset for Passover,Jewish,241.0,13.0,28.0,4.0,4.8,20,0,20,6.0,0.4854771784232365,0.46473029045643155,0.06639004149377593
Chef John's Drunken Noodles,Thai,341.0,9.0,61.0,5.0,4.8,15,15,40,4.0,0.2375366568914956,0.7155425219941349,0.05865102639296188
Red Currant Pie,German,257.0,10.0,39.0,4.0,4.4,20,35,85,10.0,0.35019455252918286,0.6070038910505836,0.0622568093385214
Chourico Stew,Portuguese,378.0,22.0,32.0,14.0,4.7,15,40,55,6.0,0.5238095238095238,0.3386243386243386,0.14814814814814814
Bigos (Hunter's Stew),Polish,356.0,24.0,15.0,20.0,4.7,45,180,225,10.0,0.6067415730337079,0.16853932584269662,0.2247191011235955
Chicken Marsala Fettuccine,Italian,861.0,34.0,78.0,57.0,4.6,15,35,50,6.0,0.3554006968641115,0.3623693379790941,0.26480836236933797
Ube-Macapuno Cake,Filipino,714.0,44.0,75.0,12.0,3.8,30,30,60,12.0,0.5546218487394958,0.42016806722689076,0.06722689075630252
Fereni Starch Pudding,Persian,222.0,10.0,29.0,6.0,3.9,10,10,20,6.0,0.40540540540540543,0.5225225225225225,0.10810810810810811
Sharon's Jamaican Fruit Cake,Jamaican,598.0,24.0,93.0,4.0,4.4,20,90,110,16.0,0.3612040133779264,0.6220735785953178,0.026755852842809364
Date Loaf Cake,Australian and New Zealander,204.0,4.0,41.0,2.0,4.3,25,45,70,12.0,0.17647058823529413,0.803921568627451,0.0392156862745098
Blackened Fish,Cajun and Creole,498.0,41.0,2.0,31.0,4.6,15,5,30,6.0,0.7409638554216867,0.01606425702811245,0.24899598393574296
Eastern European Kotlety,Polish,338.0,19.0,19.0,22.0,4.8,15,25,40,6.0,0.5059171597633136,0.22485207100591717,0.2603550295857988
Banket,Dutch,202.0,12.0,21.0,3.0,4.7,25,15,40,24.0,0.5346534653465347,0.4158415841584158,0.0594059405940594
Vegan Borscht,Russian,198.0,10.0,22.0,8.0,4.1,45,140,185,8.0,0.45454545454545453,0.4444444444444444,0.16161616161616163
Chicken Curry III,Malaysian,716.0,46.0,27.0,48.0,4.0,10,40,50,8.0,0.5782122905027933,0.15083798882681565,0.2681564245810056
Savory Saffron Chicken Polow,Persian,764.0,20.0,103.0,45.0,4.4,15,75,105,6.0,0.2356020942408377,0.5392670157068062,0.2356020942408377
Italian Penicillin Soup,Italian,332.0,13.0,27.0,28.0,4.6,10,45,55,6.0,0.35240963855421686,0.3253012048192771,0.3373493975903614
Air Fryer Wiener Schnitzel,Austrian,215.0,7.0,28.0,18.0,4.9,10,20,30,4.0,0.2930232558139535,0.5209302325581395,0.33488372093023255
Fish Sinigang (Tilapia) - Filipino Sour Broth Dish,Filipino,112.0,1.0,13.0,13.0,4.1,5,10,15,4.0,0.08035714285714286,0.4642857142857143,0.4642857142857143
Easy 5-Ingredient Pumpkin Soup,Turkish,128.0,4.0,18.0,6.0,3.0,15,20,35,4.0,0.28125,0.5625,0.1875
Bolo de Leite Condensado (Brazilian Condensed Milk Cake),Brazilian,351.0,8.0,63.0,8.0,3.8,10,40,50,10.0,0.20512820512820512,0.717948717948718,0.09116809116809117
Crawfish Fettuccine I,Cajun and Creole,490.0,23.0,49.0,24.0,4.7,15,75,90,8.0,0.42244897959183675,0.4,0.19591836734693877
Pisang Goreng (Indonesian Banana Fritters),Indonesian,489.0,20.0,73.0,8.0,4.2,5,15,20,4.0,0.36809815950920244,0.5971370143149284,0.065439672801636
Cajun Style Stuffed Peppers,Cajun and Creole,307.0,10.0,40.0,17.0,4.7,45,15,60,6.0,0.2931596091205212,0.5211726384364821,0.22149837133550487
Steamed Vegan Rice Cakes (Banh Bo Hap),Vietnamese,334.0,9.0,61.0,4.0,2.0,10,15,145,12.0,0.24251497005988024,0.7305389221556886,0.04790419161676647
Hard Do Bread,Jamaican,136.0,2.0,25.0,3.0,4.4,20,30,150,12.0,0.1323529411764706,0.7352941176470589,0.08823529411764706
Argentine Corn Pie,Argentinian,288.0,18.0,27.0,7.0,3.4,15,45,75,8.0,0.5625,0.375,0.09722222222222222
Chef John's Coq au Vin,French,255.0,19.0,5.0,6.0,4.9,15,90,105,6.0,0.6705882352941176,0.0784313725490196,0.09411764705882353
Chai Tea Latte,Indian,145.0,4.0,23.0,6.0,4.3,5,0,5,1.0,0.2482758620689655,0.6344827586206897,0.16551724137931034
Meat Pie with Hot Water Crust,Australian and New Zealander,640.0,38.0,45.0,27.0,2.3,30,120,160,12.0,0.534375,0.28125,0.16875
Crispy Orange Beef,Chinese,507.0,19.0,59.0,27.0,4.5,20,50,100,6.0,0.33727810650887574,0.46548323471400394,0.21301775147928995
Chef John's Pavlova with Strawberries,Australian and New Zealander,210.0,15.0,18.0,2.0,4.8,25,60,145,12.0,0.6428571428571429,0.34285714285714286,0.0380952380952381
Quince Empanadas,Argentinian,188.0,5.0,31.0,3.0,5.0,30,15,75,12.0,0.2393617021276596,0.6595744680851063,0.06382978723404255
Paella,Spanish,617.0,24.0,39.0,56.0,4.4,20,45,65,10.0,0.3500810372771475,0.25283630470016205,0.36304700162074555
Tteokbokki (Korean Spicy Rice Cakes),Korean,183.0,3.0,42.0,4.0,5.0,5,25,30,2.0,0.14754098360655737,0.9180327868852459,0.08743169398907104
Frikadeller (Danish Meatballs),Danish,417.0,29.0,13.0,25.0,4.5,25,30,70,4.0,0.6258992805755396,0.12470023980815348,0.23980815347721823
Taro Rolls,Australian and New Zealander,210.0,6.0,36.0,4.0,3.0,15,20,60,18.0,0.2571428571428571,0.6857142857142857,0.0761904761904762
Thai Steamed Mussels,Thai,485.0,24.0,21.0,48.0,4.8,20,10,30,6.0,0.44536082474226807,0.1731958762886598,0.3958762886597938
Yakisoba Chicken,Japanese,295.0,5.0,41.0,26.0,4.3,15,15,30,6.0,0.15254237288135594,0.5559322033898305,0.3525423728813559
Kobete Chicken,Turkish,735.0,28.0,86.0,31.0,4.2,0,0,0,10.0,0.34285714285714286,0.46802721088435373,0.16870748299319727
Cottage Cheese Blintzes,Jewish,149.0,7.0,11.0,10.0,3.6,5,20,55,15.0,0.4228187919463087,0.2953020134228188,0.2684563758389262
Crispy Roasted Chicken,German,495.0,35.0,3.0,42.0,4.7,20,60,90,6.0,0.6363636363636364,0.024242424242424242,0.3393939393939394
Greek Smashed Pita,Greek,505.0,15.0,56.0,35.0,5.0,15,15,30,4.0,0.26732673267326734,0.44356435643564357,0.27722772277227725
Thai Chopped Chicken Bean Salad,Thai,341.0,20.0,26.0,17.0,5.0,20,0,20,8.0,0.5278592375366569,0.30498533724340177,0.19941348973607037
Mom's Nova Scotia Seafood Chowder,Canadian,525.0,38.0,19.0,28.0,4.8,25,65,90,20.0,0.6514285714285715,0.14476190476190476,0.21333333333333335
Chef John's Potato and Cheese Pierogi,Polish,739.0,42.0,68.0,23.0,5.0,60,60,195,7.0,0.5115020297699594,0.3680649526387009,0.12449255751014884
Dutch Croquetten,Dutch,339.0,18.0,25.0,19.0,3.9,15,10,25,8.0,0.4778761061946903,0.2949852507374631,0.22418879056047197
Authentic Swedish Meatballs,Swedish,419.0,37.0,11.0,12.0,4.0,30,20,60,8.0,0.7947494033412887,0.10501193317422435,0.11455847255369929
Thịt Bò Xào Đậu (Vietnamese Stir-Fried Beef and Green Beans),Vietnamese,376.0,29.0,6.0,23.0,4.2,10,15,25,4.0,0.6941489361702128,0.06382978723404255,0.24468085106382978
Chef John's Baklava,Turkish,466.0,30.0,47.0,8.0,4.7,20,60,145,12.0,0.5793991416309013,0.4034334763948498,0.06866952789699571
Cao Lầu (Vietnamese Noodle Bowl),Vietnamese,488.0,8.0,78.0,24.0,3.2,20,15,95,6.0,0.14754098360655737,0.639344262295082,0.19672131147540983
Greek Garbanzo Bean Salad,Greek,214.0,12.0,26.0,5.0,4.7,10,0,130,8.0,0.5046728971962616,0.48598130841121495,0.09345794392523364
Korean BBQ Sauce,Korean,219.0,1.0,50.0,4.0,4.6,0,10,10,4.0,0.0410958904109589,0.91324200913242,0.0730593607305936
Gochujang Fried Rice,Korean,340.0,10.0,55.0,6.0,4.0,10,10,20,4.0,0.2647058823529412,0.6470588235294118,0.07058823529411765
Pao de Queijo (Brazilian Cheese Bread),Brazilian,74.0,3.0,10.0,1.0,2.8,20,30,60,48.0,0.36486486486486486,0.5405405405405406,0.05405405405405406
Pasanday (Pakistani Beef Pot Roast),Pakistani,421.0,32.0,7.0,27.0,4.3,15,45,75,8.0,0.684085510688836,0.0665083135391924,0.25653206650831356
Pogaca (Feta Dumplings),Turkish,210.0,12.0,19.0,6.0,4.1,40,20,60,20.0,0.5142857142857142,0.3619047619047619,0.11428571428571428
Kima (Ground Beef and Peas),Pakistani,420.0,31.0,15.0,23.0,4.7,10,30,40,4.0,0.6642857142857143,0.14285714285714285,0.21904761904761905
Colombian Arepas,Colombian,125.0,5.0,14.0,6.0,4.6,10,20,30,6.0,0.36,0.448,0.192
Persian Rice,Persian,255.0,8.0,42.0,4.0,4.7,15,55,70,8.0,0.2823529411764706,0.6588235294117647,0.06274509803921569
Curry Pasta - Pakistani Style,Pakistani,725.0,15.0,105.0,42.0,4.0,30,20,50,4.0,0.18620689655172415,0.5793103448275863,0.2317241379310345
Cold Yogurt Soup (Abdoogh Khiar),Persian,304.0,15.0,33.0,11.0,5.0,20,0,25,4.0,0.4440789473684211,0.4342105263157895,0.14473684210526316
Creamy Mississippi Chicken Enchiladas,Southern Recipes,1018.0,58.0,64.0,59.0,4.6,15,150,165,8.0,0.5127701375245579,0.25147347740667975,0.2318271119842829
Russian Carrot Salad (Korean-Style),Russian,119.0,9.0,9.0,1.0,4.1,30,10,280,8.0,0.680672268907563,0.3025210084033613,0.03361344537815126
Bacon Gravy for Biscuits,Southern Recipes,282.0,13.0,31.0,10.0,4.1,10,15,25,5.0,0.4148936170212766,0.4397163120567376,0.14184397163120568
Gelato,Italian,416.0,29.0,33.0,8.0,4.8,5,20,285,4.0,0.6274038461538461,0.3173076923076923,0.07692307692307693
How to Make Bordelaise Sauce,French,82.0,1.0,9.0,2.0,4.6,15,30,45,6.0,0.10975609756097561,0.43902439024390244,0.0975609756097561
Anise Sugar Cookies,Lebanese,125.0,7.0,14.0,2.0,3.0,25,15,40,36.0,0.504,0.448,0.064
Amish Meatloaf,Amish and Mennonite,464.0,21.0,46.0,24.0,4.5,15,60,75,8.0,0.4073275862068966,0.39655172413793105,0.20689655172413793
Easy Tex-Mex Chicken Tacos,Tex-Mex,393.0,14.0,49.0,19.0,4.3,20,40,60,12.0,0.32061068702290074,0.49872773536895676,0.19338422391857507
Air Fryer Tonkatsu,Japanese,319.0,11.0,41.0,23.0,4.7,10,20,30,4.0,0.3103448275862069,0.5141065830721003,0.2884012539184953
Thai Chicken Spring Rolls,Vietnamese,168.0,9.0,8.0,15.0,4.2,40,15,85,12.0,0.48214285714285715,0.19047619047619047,0.35714285714285715
Israeli Salad Recipe,Israeli,272.0,22.0,18.0,4.0,4.5,25,0,25,5.0,0.7279411764705882,0.2647058823529412,0.058823529411764705
Russian Cabbage Borscht,Russian,128.0,5.0,20.0,3.0,4.6,20,60,80,8.0,0.3515625,0.625,0.09375
Peruvian Causa,Peruvian,533.0,34.0,43.0,16.0,4.6,20,20,90,8.0,0.574108818011257,0.3227016885553471,0.1200750469043152
Maple Butter Tarts,Canadian,258.0,10.0,41.0,3.0,4.9,15,20,35,16.0,0.3488372093023256,0.6356589147286822,0.046511627906976744
Cuban Chicken,Cuban,308.0,13.0,28.0,21.0,4.8,15,15,30,4.0,0.37987012987012986,0.36363636363636365,0.2727272727272727
Spicy Red Bean Soup,Portuguese,387.0,18.0,41.0,18.0,4.3,0,0,0,20.0,0.4186046511627907,0.42377260981912146,0.18604651162790697
Okra Gumbo,Cajun and Creole,105.0,6.0,12.0,3.0,4.1,15,60,75,8.0,0.5142857142857142,0.45714285714285713,0.11428571428571428
Spicy Tomato Chicken (Ayam Masak Merah),Indonesian,462.0,30.0,15.0,34.0,4.6,20,35,55,4.0,0.5844155844155844,0.12987012987012986,0.2943722943722944
Al's Baked Swiss Steak,Swiss,313.0,20.0,16.0,19.0,4.7,20,120,140,4.0,0.5750798722044729,0.20447284345047922,0.24281150159744408
Bo Nuong Xa,Vietnamese,204.0,11.0,6.0,20.0,4.4,20,10,270,6.0,0.4852941176470588,0.11764705882352941,0.39215686274509803
Korean Spicy Chicken and Potato (Tak Toritang),Korean,447.0,14.0,55.0,26.0,4.6,15,45,60,4.0,0.28187919463087246,0.49217002237136465,0.232662192393736
Canadian Pork Loin Chops,Canadian,344.0,18.0,20.0,25.0,4.7,30,20,290,6.0,0.47093023255813954,0.23255813953488372,0.29069767441860467
Middle Eastern Kibbeh,Israeli,159.0,10.0,7.0,11.0,4.5,20,15,35,12.0,0.5660377358490566,0.1761006289308176,0.27672955974842767
Taramosalata,Greek,383.0,23.0,35.0,13.0,5.0,15,0,20,6.0,0.5404699738903395,0.36553524804177545,0.13577023498694518
Cajun Chicken,Cajun and Creole,536.0,48.0,2.0,25.0,4.5,15,15,60,10.0,0.8059701492537313,0.014925373134328358,0.1865671641791045
Browned Butter Banana Bread,Canadian,389.0,17.0,55.0,5.0,4.3,15,50,80,6.0,0.39331619537275064,0.5655526992287918,0.05141388174807198
Brazilian Crispy Cheese Bread,Brazilian,257.0,13.0,29.0,8.0,3.0,15,30,45,6.0,0.45525291828793774,0.45136186770428016,0.1245136186770428
Olivie (Russian Potato Salad),Russian,191.0,7.0,26.0,7.0,4.8,25,15,70,8.0,0.3298429319371728,0.5445026178010471,0.14659685863874344
Russian Sour Cream Cake,Russian,314.0,10.0,53.0,5.0,4.5,30,25,125,10.0,0.28662420382165604,0.6751592356687898,0.06369426751592357
Korean Spicy Marinated Pork (Dae Ji Bool Gogi),Korean,300.0,17.0,17.0,19.0,4.6,45,15,240,8.0,0.51,0.22666666666666666,0.25333333333333335
Amish Hash Browns,Amish and Mennonite,231.0,14.0,23.0,4.0,4.2,25,15,40,10.0,0.5454545454545454,0.39826839826839827,0.06926406926406926
Middle Eastern Rice with Black Beans and Chickpeas,Israeli,453.0,12.0,56.0,31.0,4.4,15,35,50,8.0,0.23841059602649006,0.49448123620309054,0.2737306843267108
How to Make Peanut Dipping Sauce,Thai,126.0,10.0,7.0,4.0,4.8,15,5,20,12.0,0.7142857142857143,0.2222222222222222,0.12698412698412698
Southern-Style Pig Tails,Soul Food,408.0,35.0,5.0,17.0,4.5,25,170,195,4.0,0.7720588235294118,0.049019607843137254,0.16666666666666666
Thai Green Curry Chicken,Thai,472.0,41.0,15.0,27.0,4.6,20,30,50,4.0,0.7817796610169492,0.1271186440677966,0.2288135593220339
Indian-Style Seekh Kebab,Indian,311.0,23.0,6.0,20.0,4.6,15,10,145,8.0,0.6655948553054662,0.07717041800643087,0.2572347266881029
Hawaiian Millionaire Pie,Australian and New Zealander,519.0,30.0,60.0,8.0,4.5,15,0,75,8.0,0.5202312138728323,0.4624277456647399,0.06165703275529865
Linzer Cookie Bars,Austrian,228.0,13.0,25.0,5.0,4.8,20,35,120,16.0,0.5131578947368421,0.43859649122807015,0.08771929824561403
South African Instant Milk Tart,South African,403.0,25.0,39.0,7.0,5.0,15,10,25,6.0,0.5583126550868487,0.3870967741935484,0.06947890818858561
Tom Ka Gai (Coconut Chicken Soup),Thai,433.0,41.0,6.0,15.0,4.4,15,20,35,6.0,0.8521939953810623,0.05542725173210162,0.13856812933025403
Air Fryer Chicken Katsu with Homemade Katsu Sauce,Japanese,318.0,7.0,41.0,32.0,4.4,20,20,40,4.0,0.19811320754716982,0.5157232704402516,0.4025157232704403
Lumpia (Shanghai Version),Filipino,262.0,18.0,15.0,10.0,4.4,60,20,80,20.0,0.6183206106870229,0.22900763358778625,0.15267175572519084
Taco Bake I,Tex-Mex,413.0,27.0,15.0,26.0,4.4,15,25,40,8.0,0.5883777239709443,0.14527845036319612,0.25181598062953997
Tex Mex Potato Soup,Tex-Mex,219.0,13.0,18.0,8.0,4.4,20,35,55,6.0,0.5342465753424658,0.3287671232876712,0.1461187214611872
Colombian Turmada Potatoes (Papa Turmada),Colombian,645.0,26.0,77.0,27.0,4.3,40,50,90,6.0,0.3627906976744186,0.47751937984496123,0.16744186046511628
Fish Puttanesca,Italian,518.0,25.0,26.0,47.0,5.0,5,25,30,4.0,0.4343629343629344,0.20077220077220076,0.36293436293436293
Dutch Apple Pie with Oatmeal Streusel,Dutch,441.0,20.0,63.0,4.0,4.6,15,45,60,8.0,0.40816326530612246,0.5714285714285714,0.036281179138321996
Tam's Black-Eye Peas,Soul Food,132.0,4.0,13.0,10.0,4.9,20,130,150,15.0,0.2727272727272727,0.3939393939393939,0.30303030303030304
Stroopwafels,Dutch,622.0,23.0,100.0,6.0,3.2,45,25,115,12.0,0.3327974276527331,0.6430868167202572,0.03858520900321544
Filipino Avocado Milkshake,Filipino,337.0,19.0,38.0,8.0,4.7,5,0,5,2.0,0.5074183976261127,0.45103857566765576,0.09495548961424333
Chef John's Cheese Blintzes,Jewish,452.0,27.0,33.0,19.0,4.6,20,30,90,5.0,0.5376106194690266,0.2920353982300885,0.168141592920354
Pakistani Potato Chicken,Pakistani,675.0,42.0,27.0,46.0,3.8,25,50,75,6.0,0.56,0.16,0.2725925925925926
Homemade Muesli,Swiss,361.0,15.0,49.0,10.0,4.7,10,0,10,8.0,0.3739612188365651,0.5429362880886427,0.11080332409972299
Sweet Challah,Jewish,328.0,8.0,57.0,8.0,4.6,60,30,180,20.0,0.21951219512195122,0.6951219512195121,0.0975609756097561
Easy Curry Sauce,Indian,75.0,6.0,6.0,2.0,4.0,15,30,45,8.0,0.72,0.32,0.10666666666666667
Easy Portuguese Cookies,Portuguese,101.0,2.0,19.0,2.0,4.1,10,10,25,24.0,0.1782178217821782,0.7524752475247525,0.07920792079207921
Vietnamese Chicken and Long-Grain Rice Congee,Vietnamese,643.0,42.0,10.0,53.0,4.5,10,120,130,4.0,0.5878693623639192,0.06220839813374806,0.3297045101088647
Creme Patissiere (Vanilla Pastry Cream),French,312.0,19.0,27.0,10.0,5.0,5,10,15,4.0,0.5480769230769231,0.34615384615384615,0.1282051282051282
Passover Chocolate Torte,Jewish,307.0,22.0,26.0,7.0,4.8,15,60,85,12.0,0.6449511400651465,0.33876221498371334,0.09120521172638436
German Currywurst,German,451.0,32.0,26.0,18.0,3.8,10,20,30,4.0,0.6385809312638581,0.23059866962305986,0.15964523281596452
Authentic Bangladeshi Beef Curry,Bangladeshi,320.0,23.0,9.0,20.0,4.2,30,105,135,6.0,0.646875,0.1125,0.25
Finnish-Style Mojakka,Finnish,891.0,62.0,34.0,50.0,4.4,20,175,195,6.0,0.6262626262626263,0.1526374859708193,0.2244668911335578
One Pot Turmeric Chicken and Rice,Indian,453.0,11.0,28.0,59.0,4.3,20,40,60,4.0,0.2185430463576159,0.24724061810154527,0.5209713024282561
Maicena (Corn Pudding),Puerto Rican,218.0,5.0,39.0,5.0,4.8,5,25,30,4.0,0.20642201834862386,0.7155963302752294,0.09174311926605505
Lebanese Chicken and Potatoes,Lebanese,593.0,31.0,54.0,27.0,4.2,15,60,75,6.0,0.47048903878583476,0.3642495784148398,0.1821247892074199
Krautburger,German,307.0,13.0,30.0,15.0,4.4,40,40,90,16.0,0.3811074918566775,0.39087947882736157,0.19543973941368079
Cajun Ponchartrain Sauce,Cajun and Creole,355.0,35.0,4.0,8.0,4.8,10,5,15,2.0,0.8873239436619719,0.04507042253521127,0.09014084507042254
Peruvian Aji-Style Sauce,Peruvian,50.0,5.0,2.0,1.0,4.7,15,0,15,10.0,0.9,0.16,0.08
Reshteh Polo (Persian Noodle Rice),Persian,287.0,12.0,45.0,4.0,5.0,35,130,165,10.0,0.37630662020905925,0.627177700348432,0.05574912891986063
Simple Crème Brûlée Dessert,French,612.0,51.0,36.0,6.0,4.9,15,55,190,2.0,0.75,0.23529411764705882,0.0392156862745098
Toum (Lebanese Garlic Spread),Lebanese,235.0,26.0,2.0,0.0,5.0,15,0,15,26.0,0.9957446808510638,0.03404255319148936,0.0
Chicken Afritada (Filipino Stew),Filipino,594.0,45.0,25.0,23.0,4.6,40,50,90,6.0,0.6818181818181818,0.16835016835016836,0.15488215488215487
Old German Honey Cookies,German,233.0,9.0,36.0,3.0,4.2,15,15,30,24.0,0.34763948497854075,0.6180257510729614,0.05150214592274678
Botercake (Butter Cake),Dutch,276.0,16.0,31.0,4.0,4.6,0,0,0,15.0,0.5217391304347826,0.4492753623188406,0.057971014492753624
Microwave Mochi,Japanese,83.0,0.0,20.0,1.0,4.6,5,10,15,25.0,0.0,0.963855421686747,0.04819277108433735
Perfectly Dry Roasted Chickpeas,Canadian,85.0,1.0,16.0,4.0,3.9,5,40,210,4.0,0.10588235294117647,0.7529411764705882,0.18823529411764706
Gourmet Pastelillos (Meat Pies),Puerto Rican,290.0,16.0,28.0,11.0,4.8,20,35,55,15.0,0.496551724137931,0.38620689655172413,0.15172413793103448
Quick Tomato and Bean Soup Provencal,French,221.0,4.0,35.0,14.0,5.0,15,20,35,4.0,0.16289592760180996,0.6334841628959276,0.25339366515837103
Bibimbap (Korean Rice Bowl),Korean,569.0,19.0,63.0,35.0,4.7,30,30,60,4.0,0.30052724077328646,0.4428822495606327,0.2460456942003515
Real Poutine,Canadian,708.0,46.0,51.0,24.0,4.6,10,20,30,4.0,0.5847457627118644,0.288135593220339,0.13559322033898305
Indian Shrimp Curry,Indian,416.0,32.0,11.0,23.0,4.6,15,20,37,4.0,0.6923076923076923,0.10576923076923077,0.22115384615384615
Chicken Satay Bowls with Spicy Peanut Sauce,Thai,716.0,42.0,41.0,48.0,5.0,30,15,165,4.0,0.5279329608938548,0.22905027932960895,0.2681564245810056
The Best Ricotta Pancakes,Canadian,86.0,4.0,8.0,5.0,4.5,15,10,25,12.0,0.4186046511627907,0.37209302325581395,0.23255813953488372
Black Pepper Chicken,Chinese,484.0,20.0,44.0,32.0,4.4,15,15,45,4.0,0.371900826446281,0.36363636363636365,0.2644628099173554
Chicken Florentine,French,571.0,33.0,12.0,50.0,4.8,15,20,35,4.0,0.5201401050788091,0.0840630472854641,0.3502626970227671
Iskender Kebab,Persian,667.0,36.0,49.0,37.0,4.5,15,15,30,4.0,0.48575712143928035,0.2938530734632684,0.22188905547226387
